Year,Type,Country,Value,Unit,ISO-2,ISO-3,latitude,longitude
2010,Departure,Germany,95179852,Passengers,DE, DEU,51.165691,10.451526
2010,Departure,Austria,12143616,Passengers,AT, AUT,47.516231,14.550072
2010,Departure,Belgium,11377052,Passengers,BE, BEL,50.503887,4.469936
2010,Departure,Bulgaria,3196074,Passengers,BG, BGR,42.733883,25.485830
2010,Departure,Cyprus,3471126,Passengers,CY, CYP,35.126413,33.429859
2010,Departure,Croatia,2549241,Passengers,HR, HRV,45.100000,15.200000
2010,Departure,Denmark,13250447,Passengers,DK, DNK,56.263920,9.501785
2010,Departure,Slovakia,968834,Passengers,SK, SVK,48.669026,19.699024
2010,Departure,Slovenia,689185,Passengers,SI, SVN,46.151241,14.995463
2010,Departure,Spain,95718028,Passengers,ES, ESP,40.463667,-3.749220
2010,Departure,Estonia,700438,Passengers,EE, EST,58.595272,25.013607
2010,Departure,Finland,8263231,Passengers,FI, FIN,61.924110,25.748151
2010,Departure,France,71842681,Passengers,FR, FRA,46.227638,2.213749
2010,Departure,Greece,19677906,Passengers,GR, GRC,39.074208,21.824312
2010,Departure,Hungary,4114462,Passengers,HU, HUN,47.162494,19.503304
2010,Departure,Ireland,11711286,Passengers,IE, IRL,53.412910,-8.243890
2010,Departure,Italy,69328020,Passengers,IT, ITA,41.871940,12.567380
2010,Departure,Latvia,2345986,Passengers,LV, LVA,56.879635,24.603189
2010,Departure,Lithuania,1150787,Passengers,LT, LTU,55.169438,23.881275
2010,Departure,Luxembourg,813941,Passengers,LU, LUX,49.815273,6.129583
2010,Departure,Malta,1646807,Passengers,MT, MLT,35.937496,14.375416
2010,Departure,Netherlands,24239221,Passengers,NL, NLD,52.132633,5.291266
2010,Departure,Poland,9604809,Passengers,PL, POL,51.919438,19.145136
2010,Departure,Portugal,14223431,Passengers,PT, PRT,39.399872,-8.224454
2010,Departure,Czech Republic,6103790,Passengers,CZ, CZE,49.817492,15.472962
2010,Departure,Romania,4674618,Passengers,RO, ROU,45.943161,24.966760
2010,Departure,Sweden,16157728,Passengers,SE, SWE,60.128161,18.643501
2010,Departure,Iceland,1022801,Passengers,IS, ISL,64.963051,-19.020835
2010,Departure,Norway,20599726,Passengers,NO, NOR,60.472024,8.468946
2010,Departure,United Kingdom,104937573,Passengers,GB, GBR,55.378051,-3.435973
2010,Departure,Switzerland,19127750,Passengers,CH, CHE,46.818188,8.227512
2011,Departure,Germany,99575606,Passengers,DE, DEU,51.165691,10.451526
2011,Departure,Austria,12929606,Passengers,AT, AUT,47.516231,14.550072
2011,Departure,Belgium,12543103,Passengers,BE, BEL,50.503887,4.469936
2011,Departure,Bulgaria,3449001,Passengers,BG, BGR,42.733883,25.485830
2011,Departure,Cyprus,3594025,Passengers,CY, CYP,35.126413,33.429859
2011,Departure,Croatia,2736524,Passengers,HR, HRV,45.100000,15.200000
2011,Departure,Denmark,13950912,Passengers,DK, DNK,56.263920,9.501785
2011,Departure,Slovakia,926553,Passengers,SK, SVK,48.669026,19.699024
2011,Departure,Slovenia,678697,Passengers,SI, SVN,46.151241,14.995463
2011,Departure,Spain,101563382,Passengers,ES, ESP,40.463667,-3.749220
2011,Departure,Estonia,968167,Passengers,EE, EST,58.595272,25.013607
2011,Departure,Finland,9563748,Passengers,FI, FIN,61.924110,25.748151
2011,Departure,France,76336436,Passengers,FR, FRA,46.227638,2.213749
2011,Departure,Greece,19988741,Passengers,GR, GRC,39.074208,21.824312
2011,Departure,Hungary,4468710,Passengers,HU, HUN,47.162494,19.503304
2011,Departure,Ireland,11749716,Passengers,IE, IRL,53.412910,-8.243890
2011,Departure,Italy,73996017,Passengers,IT, ITA,41.871940,12.567380
2011,Departure,Latvia,2558838,Passengers,LV, LVA,56.879635,24.603189
2011,Departure,Lithuania,1350860,Passengers,LT, LTU,55.169438,23.881275
2011,Departure,Luxembourg,918092,Passengers,LU, LUX,49.815273,6.129583
2011,Departure,Malta,1761850,Passengers,MT, MLT,35.937496,14.375416
2011,Departure,Netherlands,26888332,Passengers,NL, NLD,52.132633,5.291266
2011,Departure,Poland,10913649,Passengers,PL, POL,51.919438,19.145136
2011,Departure,Portugal,14987843,Passengers,PT, PRT,39.399872,-8.224454
2011,Departure,Czech Republic,6315203,Passengers,CZ, CZE,49.817492,15.472962
2011,Departure,Romania,5138131,Passengers,RO, ROU,45.943161,24.966760
2011,Departure,Sweden,18085344,Passengers,SE, SWE,60.128161,18.643501
2011,Departure,Iceland,1238063,Passengers,IS, ISL,64.963051,-19.020835
2011,Departure,Norway,22549625,Passengers,NO, NOR,60.472024,8.468946
2011,Departure,United Kingdom,109170717,Passengers,GB, GBR,55.378051,-3.435973
2011,Departure,Switzerland,21041848,Passengers,CH, CHE,46.818188,8.227512
2012,Departure,Germany,100775317,Passengers,DE, DEU,51.165691,10.451526
2012,Departure,Austria,13325963,Passengers,AT, AUT,47.516231,14.550072
2012,Departure,Belgium,12960852,Passengers,BE, BEL,50.503887,4.469936
2012,Departure,Bulgaria,3530360,Passengers,BG, BGR,42.733883,25.485830
2012,Departure,Cyprus,3668817,Passengers,CY, CYP,35.126413,33.429859
2012,Departure,Croatia,2950427,Passengers,HR, HRV,45.100000,15.200000
2012,Departure,Denmark,14067532,Passengers,DK, DNK,56.263920,9.501785
2012,Departure,Slovakia,801474,Passengers,SK, SVK,48.669026,19.699024
2012,Departure,Slovenia,582636,Passengers,SI, SVN,46.151241,14.995463
2012,Departure,Spain,96583022,Passengers,ES, ESP,40.463667,-3.749220
2012,Departure,Estonia,1118886,Passengers,EE, EST,58.595272,25.013607
2012,Departure,Finland,9602729,Passengers,FI, FIN,61.924110,25.748151
2012,Departure,France,78534338,Passengers,FR, FRA,46.227638,2.213749
2012,Departure,Greece,18906170,Passengers,GR, GRC,39.074208,21.824312
2012,Departure,Hungary,4246711,Passengers,HU, HUN,47.162494,19.503304
2012,Departure,Ireland,11823365,Passengers,IE, IRL,53.412910,-8.243890
2012,Departure,Italy,73038174,Passengers,IT, ITA,41.871940,12.567380
2012,Departure,Latvia,2378456,Passengers,LV, LVA,56.879635,24.603189
2012,Departure,Lithuania,1590353,Passengers,LT, LTU,55.169438,23.881275
2012,Departure,Luxembourg,950120,Passengers,LU, LUX,49.815273,6.129583
2012,Departure,Malta,1826353,Passengers,MT, MLT,35.937496,14.375416
2012,Departure,Netherlands,27835638,Passengers,NL, NLD,52.132633,5.291266
2012,Departure,Poland,11813440,Passengers,PL, POL,51.919438,19.145136
2012,Departure,Portugal,15390626,Passengers,PT, PRT,39.399872,-8.224454
2012,Departure,Czech Republic,5872101,Passengers,CZ, CZE,49.817492,15.472962
2012,Departure,Romania,5070258,Passengers,RO, ROU,45.943161,24.966760
2012,Departure,Sweden,18453513,Passengers,SE, SWE,60.128161,18.643501
2012,Departure,Iceland,1374986,Passengers,IS, ISL,64.963051,-19.020835
2012,Departure,Norway,23910250,Passengers,NO, NOR,60.472024,8.468946
2012,Departure,United Kingdom,109918001,Passengers,GB, GBR,55.378051,-3.435973
2012,Departure,Switzerland,21922378,Passengers,CH, CHE,46.818188,8.227512
2013,Departure,Germany,101444666,Passengers,DE, DEU,51.165691,10.451526
2013,Departure,Austria,13224990,Passengers,AT, AUT,47.516231,14.550072
2013,Departure,Belgium,13207712,Passengers,BE, BEL,50.503887,4.469936
2013,Departure,Bulgaria,3647568,Passengers,BG, BGR,42.733883,25.485830
2013,Departure,Cyprus,3519545,Passengers,CY, CYP,35.126413,33.429859
2013,Departure,Croatia,3098272,Passengers,HR, HRV,45.100000,15.200000
2013,Departure,Denmark,14524640,Passengers,DK, DNK,56.263920,9.501785
2013,Departure,Slovakia,792778,Passengers,SK, SVK,48.669026,19.699024
2013,Departure,Slovenia,631360,Passengers,SI, SVN,46.151241,14.995463
2013,Departure,Spain,93253848,Passengers,ES, ESP,40.463667,-3.749220
2013,Departure,Estonia,993359,Passengers,EE, EST,58.595272,25.013607
2013,Departure,Finland,9518384,Passengers,FI, FIN,61.924110,25.748151
2013,Departure,France,80343593,Passengers,FR, FRA,46.227638,2.213749
2013,Departure,Greece,19744352,Passengers,GR, GRC,39.074208,21.824312
2013,Departure,Hungary,4254777,Passengers,HU, HUN,47.162494,19.503304
2013,Departure,Ireland,12331336,Passengers,IE, IRL,53.412910,-8.243890
2013,Departure,Italy,71883155,Passengers,IT, ITA,41.871940,12.567380
2013,Departure,Latvia,2393496,Passengers,LV, LVA,56.879635,24.603189
2013,Departure,Lithuania,1746751,Passengers,LT, LTU,55.169438,23.881275
2013,Departure,Luxembourg,1090528,Passengers,LU, LUX,49.815273,6.129583
2013,Departure,Malta,2015771,Passengers,MT, MLT,35.937496,14.375416
2013,Departure,Netherlands,29054785,Passengers,NL, NLD,52.132633,5.291266
2013,Departure,Poland,12306566,Passengers,PL, POL,51.919438,19.145136
2013,Departure,Portugal,16203634,Passengers,PT, PRT,39.399872,-8.224454
2013,Departure,Czech Republic,5948808,Passengers,CZ, CZE,49.817492,15.472962
2013,Departure,Romania,5269157,Passengers,RO, ROU,45.943161,24.966760
2013,Departure,Sweden,19017005,Passengers,SE, SWE,60.128161,18.643501
2013,Departure,Iceland,1598917,Passengers,IS, ISL,64.963051,-19.020835
2013,Departure,Norway,24998430,Passengers,NO, NOR,60.472024,8.468946
2013,Departure,United Kingdom,113762680,Passengers,GB, GBR,55.378051,-3.435973
2013,Departure,Switzerland,22412312,Passengers,CH, CHE,46.818188,8.227512
2014,Departure,Germany,104307285,Passengers,DE, DEU,51.165691,10.451526
2014,Departure,Austria,13526480,Passengers,AT, AUT,47.516231,14.550072
2014,Departure,Belgium,14406511,Passengers,BE, BEL,50.503887,4.469936
2014,Departure,Bulgaria,3868955,Passengers,BG, BGR,42.733883,25.485830
2014,Departure,Cyprus,3665889,Passengers,CY, CYP,35.126413,33.429859
2014,Departure,Croatia,3304186,Passengers,HR, HRV,45.100000,15.200000
2014,Departure,Denmark,15307528,Passengers,DK, DNK,56.263920,9.501785
2014,Departure,Slovakia,850360,Passengers,SK, SVK,48.669026,19.699024
2014,Departure,Slovenia,654522,Passengers,SI, SVN,46.151241,14.995463
2014,Departure,Spain,97383909,Passengers,ES, ESP,40.463667,-3.749220
2014,Departure,Estonia,1020367,Passengers,EE, EST,58.595272,25.013607
2014,Departure,Finland,9853445,Passengers,FI, FIN,61.924110,25.748151
2014,Departure,France,81882418,Passengers,FR, FRA,46.227638,2.213749
2014,Departure,Greece,22798239,Passengers,GR, GRC,39.074208,21.824312
2014,Departure,Hungary,4559437,Passengers,HU, HUN,47.162494,19.503304
2014,Departure,Ireland,13188072,Passengers,IE, IRL,53.412910,-8.243890
2014,Departure,Italy,75114163,Passengers,IT, ITA,41.871940,12.567380
2014,Departure,Latvia,2398244,Passengers,LV, LVA,56.879635,24.603189
2014,Departure,Lithuania,1900752,Passengers,LT, LTU,55.169438,23.881275
2014,Departure,Luxembourg,1224145,Passengers,LU, LUX,49.815273,6.129583
2014,Departure,Malta,2145833,Passengers,MT, MLT,35.937496,14.375416
2014,Departure,Netherlands,30503583,Passengers,NL, NLD,52.132633,5.291266
2014,Departure,Poland,13634359,Passengers,PL, POL,51.919438,19.145136
2014,Departure,Portugal,17586144,Passengers,PT, PRT,39.399872,-8.224454
2014,Departure,Czech Republic,6050752,Passengers,CZ, CZE,49.817492,15.472962
2014,Departure,Romania,5704162,Passengers,RO, ROU,45.943161,24.966760
2014,Departure,Sweden,19810370,Passengers,SE, SWE,60.128161,18.643501
2014,Departure,Iceland,1926574,Passengers,IS, ISL,64.963051,-19.020835
2014,Departure,Norway,25564318,Passengers,NO, NOR,60.472024,8.468946
2014,Departure,United Kingdom,118708803,Passengers,GB, GBR,55.378051,-3.435973
2014,Departure,Switzerland,23376322,Passengers,CH, CHE,46.818188,8.227512
2015,Departure,Germany,108195262,Passengers,DE, DEU,51.165691,10.451526
2015,Departure,Austria,13696857,Passengers,AT, AUT,47.516231,14.550072
2015,Departure,Belgium,15485440,Passengers,BE, BEL,50.503887,4.469936
2015,Departure,Bulgaria,3912287,Passengers,BG, BGR,42.733883,25.485830
2015,Departure,Cyprus,3794014,Passengers,CY, CYP,35.126413,33.429859
2015,Departure,Croatia,3525290,Passengers,HR, HRV,45.100000,15.200000
2015,Departure,Denmark,15836180,Passengers,DK, DNK,56.263920,9.501785
2015,Departure,Slovakia,980938,Passengers,SK, SVK,48.669026,19.699024
2015,Departure,Slovenia,719692,Passengers,SI, SVN,46.151241,14.995463
2015,Departure,Spain,102821746,Passengers,ES, ESP,40.463667,-3.749220
2015,Departure,Estonia,1097144,Passengers,EE, EST,58.595272,25.013607
2015,Departure,Finland,10047980,Passengers,FI, FIN,61.924110,25.748151
2015,Departure,France,84212267,Passengers,FR, FRA,46.227638,2.213749
2015,Departure,Greece,24900953,Passengers,GR, GRC,39.074208,21.824312
2015,Departure,Hungary,5159421,Passengers,HU, HUN,47.162494,19.503304
2015,Departure,Ireland,14814213,Passengers,IE, IRL,53.412910,-8.243890
2015,Departure,Italy,78494972,Passengers,IT, ITA,41.871940,12.567380
2015,Departure,Latvia,2569879,Passengers,LV, LVA,56.879635,24.603189
2015,Departure,Lithuania,2116936,Passengers,LT, LTU,55.169438,23.881275
2015,Departure,Luxembourg,1333144,Passengers,LU, LUX,49.815273,6.129583
2015,Departure,Malta,2309071,Passengers,MT, MLT,35.937496,14.375416
2015,Departure,Netherlands,32362493,Passengers,NL, NLD,52.132633,5.291266
2015,Departure,Poland,15236943,Passengers,PL, POL,51.919438,19.145136
2015,Departure,Portugal,19582715,Passengers,PT, PRT,39.399872,-8.224454
2015,Departure,Czech Republic,6338990,Passengers,CZ, CZE,49.817492,15.472962
2015,Departure,Romania,6568910,Passengers,RO, ROU,45.943161,24.966760
2015,Departure,Sweden,20505248,Passengers,SE, SWE,60.128161,18.643501
2015,Departure,Iceland,2424563,Passengers,IS, ISL,64.963051,-19.020835
2015,Departure,Norway,25934543,Passengers,NO, NOR,60.472024,8.468946
2015,Departure,United Kingdom,125249123,Passengers,GB, GBR,55.378051,-3.435973
2015,Departure,Switzerland,24329605,Passengers,CH, CHE,46.818188,8.227512
2016,Departure,Germany,111894109,Passengers,DE, DEU,51.165691,10.451526
2016,Departure,Austria,13894550,Passengers,AT, AUT,47.516231,14.550072
2016,Departure,Belgium,15039952,Passengers,BE, BEL,50.503887,4.469936
2016,Departure,Bulgaria,4768380,Passengers,BG, BGR,42.733883,25.485830
2016,Departure,Cyprus,4472401,Passengers,CY, CYP,35.126413,33.429859
2016,Departure,Croatia,3983335,Passengers,HR, HRV,45.100000,15.200000
2016,Departure,Denmark,17205597,Passengers,DK, DNK,56.263920,9.501785
2016,Departure,Slovakia,1095435,Passengers,SK, SVK,48.669026,19.699024
2016,Departure,Slovenia,703902,Passengers,SI, SVN,46.151241,14.995463
2016,Departure,Spain,113655972,Passengers,ES, ESP,40.463667,-3.749220
2016,Departure,Estonia,1124879,Passengers,EE, EST,58.595272,25.013607
2016,Departure,Finland,10410251,Passengers,FI, FIN,61.924110,25.748151
2016,Departure,France,86695736,Passengers,FR, FRA,46.227638,2.213749
2016,Departure,Greece,26880204,Passengers,GR, GRC,39.074208,21.824312
2016,Departure,Hungary,5881072,Passengers,HU, HUN,47.162494,19.503304
2016,Departure,Ireland,16362729,Passengers,IE, IRL,53.412910,-8.243890
2016,Departure,Italy,82201440,Passengers,IT, ITA,41.871940,12.567380
2016,Departure,Latvia,2685962,Passengers,LV, LVA,56.879635,24.603189
2016,Departure,Lithuania,2389920,Passengers,LT, LTU,55.169438,23.881275
2016,Departure,Luxembourg,1499712,Passengers,LU, LUX,49.815273,6.129583
2016,Departure,Malta,2538348,Passengers,MT, MLT,35.937496,14.375416
2016,Departure,Netherlands,35223141,Passengers,NL, NLD,52.132633,5.291266
2016,Departure,Poland,17016779,Passengers,PL, POL,51.919438,19.145136
2016,Departure,Portugal,22431352,Passengers,PT, PRT,39.399872,-8.224454
2016,Departure,Czech Republic,6836188,Passengers,CZ, CZE,49.817492,15.472962
2016,Departure,Romania,8032280,Passengers,RO, ROU,45.943161,24.966760
2016,Departure,Sweden,21580143,Passengers,SE, SWE,60.128161,18.643501
2016,Departure,Iceland,3398548,Passengers,IS, ISL,64.963051,-19.020835
2016,Departure,Norway,26091445,Passengers,NO, NOR,60.472024,8.468946
2016,Departure,United Kingdom,133712801,Passengers,GB, GBR,55.378051,-3.435973
2016,Departure,Switzerland,25619271,Passengers,CH, CHE,46.818188,8.227512
2017,Departure,Germany,117615426,Passengers,DE, DEU,51.165691,10.451526
2017,Departure,Austria,14472548,Passengers,AT, AUT,47.516231,14.550072
2017,Departure,Belgium,16610403,Passengers,BE, BEL,50.503887,4.469936
2017,Departure,Bulgaria,5725016,Passengers,BG, BGR,42.733883,25.485830
2017,Departure,Cyprus,5112000,Passengers,CY, CYP,35.126413,33.429859
2017,Departure,Croatia,4693690,Passengers,HR, HRV,45.100000,15.200000
2017,Departure,Denmark,17411024,Passengers,DK, DNK,56.263920,9.501785
2017,Departure,Slovakia,1216075,Passengers,SK, SVK,48.669026,19.699024
2017,Departure,Slovenia,842057,Passengers,SI, SVN,46.151241,14.995463
2017,Departure,Spain,122975994,Passengers,ES, ESP,40.463667,-3.749220
2017,Departure,Estonia,1339227,Passengers,EE, EST,58.595272,25.013607
2017,Departure,Finland,11426146,Passengers,FI, FIN,61.924110,25.748151
2017,Departure,France,91677274,Passengers,FR, FRA,46.227638,2.213749
2017,Departure,Greece,29323046,Passengers,GR, GRC,39.074208,21.824312
2017,Departure,Hungary,6719737,Passengers,HU, HUN,47.162494,19.503304
2017,Departure,Ireland,17193153,Passengers,IE, IRL,53.412910,-8.243890
2017,Departure,Italy,87477973,Passengers,IT, ITA,41.871940,12.567380
2017,Departure,Latvia,3036351,Passengers,LV, LVA,56.879635,24.603189
2017,Departure,Lithuania,2624411,Passengers,LT, LTU,55.169438,23.881275
2017,Departure,Luxembourg,1787821,Passengers,LU, LUX,49.815273,6.129583
2017,Departure,Malta,2999129,Passengers,MT, MLT,35.937496,14.375416
2017,Departure,Netherlands,38155830,Passengers,NL, NLD,52.132633,5.291266
2017,Departure,Poland,19942483,Passengers,PL, POL,51.919438,19.145136
2017,Departure,Portugal,26147372,Passengers,PT, PRT,39.399872,-8.224454
2017,Departure,Czech Republic,8118491,Passengers,CZ, CZE,49.817492,15.472962
2017,Departure,Romania,9649334,Passengers,RO, ROU,45.943161,24.966760
2017,Departure,Sweden,22939620,Passengers,SE, SWE,60.128161,18.643501
2017,Departure,Iceland,4161998,Passengers,IS, ISL,64.963051,-19.020835
2017,Departure,Norway,26836985,Passengers,NO, NOR,60.472024,8.468946
2017,Departure,United Kingdom,141782954,Passengers,GB, GBR,55.378051,-3.435973
2017,Departure,Switzerland,27151850,Passengers,CH, CHE,46.818188,8.227512
2018,Departure,Germany,122565940,Passengers,DE, DEU,51.165691,10.451526
2018,Departure,Austria,15924719,Passengers,AT, AUT,47.516231,14.550072
2018,Departure,Belgium,17235718,Passengers,BE, BEL,50.503887,4.469936
2018,Departure,Bulgaria,6255370,Passengers,BG, BGR,42.733883,25.485830
2018,Departure,Cyprus,5455568,Passengers,CY, CYP,35.126413,33.429859
2018,Departure,Croatia,5140862,Passengers,HR, HRV,45.100000,15.200000
2018,Departure,Denmark,18098414,Passengers,DK, DNK,56.263920,9.501785
2018,Departure,Slovakia,1409081,Passengers,SK, SVK,48.669026,19.699024
2018,Departure,Slovenia,906041,Passengers,SI, SVN,46.151241,14.995463
2018,Departure,Spain,130244218,Passengers,ES, ESP,40.463667,-3.749220
2018,Departure,Estonia,1517480,Passengers,EE, EST,58.595272,25.013607
2018,Departure,Finland,12601937,Passengers,FI, FIN,61.924110,25.748151
2018,Departure,France,95960254,Passengers,FR, FRA,46.227638,2.213749
2018,Departure,Greece,31474358,Passengers,GR, GRC,39.074208,21.824312
2018,Departure,Hungary,7637268,Passengers,HU, HUN,47.162494,19.503304
2018,Departure,Ireland,18239197,Passengers,IE, IRL,53.412910,-8.243890
2018,Departure,Italy,92504535,Passengers,IT, ITA,41.871940,12.567380
2018,Departure,Latvia,3525332,Passengers,LV, LVA,56.879635,24.603189
2018,Departure,Lithuania,3121142,Passengers,LT, LTU,55.169438,23.881275
2018,Departure,Luxembourg,2004671,Passengers,LU, LUX,49.815273,6.129583
2018,Departure,Malta,3402274,Passengers,MT, MLT,35.937496,14.375416
2018,Departure,Netherlands,39964307,Passengers,NL, NLD,52.132633,5.291266
2018,Departure,Poland,22844762,Passengers,PL, POL,51.919438,19.145136
2018,Departure,Portugal,27926876,Passengers,PT, PRT,39.399872,-8.224454
2018,Departure,Czech Republic,8909588,Passengers,CZ, CZE,49.817492,15.472962
2018,Departure,Romania,10580244,Passengers,RO, ROU,45.943161,24.966760
2018,Departure,Sweden,23073693,Passengers,SE, SWE,60.128161,18.643501
2018,Departure,Iceland,5183329,Passengers,IS, ISL,64.963051,-19.020835
2018,Departure,Norway,27627260,Passengers,NO, NOR,60.472024,8.468946
2018,Departure,United Kingdom,145594775,Passengers,GB, GBR,55.378051,-3.435973
2018,Departure,Switzerland,28456038,Passengers,CH, CHE,46.818188,8.227512
2019,Departure,Germany,124422007,Passengers,DE, DEU,51.165691,10.451526
2019,Departure,Austria,18140101,Passengers,AT, AUT,47.516231,14.550072
2019,Departure,Belgium,17684965,Passengers,BE, BEL,50.503887,4.469936
2019,Departure,Bulgaria,6020907,Passengers,BG, BGR,42.733883,25.485830
2019,Departure,Cyprus,5623650,Passengers,CY, CYP,35.126413,33.429859
2019,Departure,Croatia,5578856,Passengers,HR, HRV,45.100000,15.200000
2019,Departure,Denmark,18094261,Passengers,DK, DNK,56.263920,9.501785
2019,Departure,Slovakia,1420528,Passengers,SK, SVK,48.669026,19.699024
2019,Departure,Slovenia,858008,Passengers,SI, SVN,46.151241,14.995463
2019,Departure,Spain,135291509,Passengers,ES, ESP,40.463667,-3.749220
2019,Departure,Estonia,1653390,Passengers,EE, EST,58.595272,25.013607
2019,Departure,Finland,13172672,Passengers,FI, FIN,61.924110,25.748151
2019,Departure,France,99802703,Passengers,FR, FRA,46.227638,2.213749
2019,Departure,Greece,32449631,Passengers,GR, GRC,39.074208,21.824312
2019,Departure,Hungary,8395992,Passengers,HU, HUN,47.162494,19.503304
2019,Departure,Ireland,19033728,Passengers,IE, IRL,53.412910,-8.243890
2019,Departure,Italy,96365945,Passengers,IT, ITA,41.871940,12.567380
2019,Departure,Latvia,3892582,Passengers,LV, LVA,56.879635,24.603189
2019,Departure,Lithuania,3238363,Passengers,LT, LTU,55.169438,23.881275
2019,Departure,Luxembourg,2189504,Passengers,LU, LUX,49.815273,6.129583
2019,Departure,Malta,3656021,Passengers,MT, MLT,35.937496,14.375416
2019,Departure,Netherlands,40732817,Passengers,NL, NLD,52.132633,5.291266
2019,Departure,Poland,24446081,Passengers,PL, POL,51.919438,19.145136
2019,Departure,Portugal,30065372,Passengers,PT, PRT,39.399872,-8.224454
2019,Departure,Czech Republic,9406393,Passengers,CZ, CZE,49.817492,15.472962
2019,Departure,Romania,11444821,Passengers,RO, ROU,45.943161,24.966760
2019,Departure,Sweden,22050908,Passengers,SE, SWE,60.128161,18.643501
2019,Departure,Iceland,3881185,Passengers,IS, ISL,64.963051,-19.020835
2019,Departure,Norway,27739918,Passengers,NO, NOR,60.472024,8.468946
2019,Departure,United Kingdom,147797041,Passengers,GB, GBR,55.378051,-3.435973
2019,Departure,Switzerland,28942362,Passengers,CH, CHE,46.818188,8.227512
2020,Departure,Germany,31311257,Passengers,DE, DEU,51.165691,10.451526
2020,Departure,Austria,4663096,Passengers,AT, AUT,47.516231,14.550072
2020,Departure,Belgium,4679255,Passengers,BE, BEL,50.503887,4.469936
2020,Departure,Bulgaria,1939060,Passengers,BG, BGR,42.733883,25.485830
2020,Departure,Cyprus,1142936,Passengers,CY, CYP,35.126413,33.429859
2020,Departure,Croatia,1045496,Passengers,HR, HRV,45.100000,15.200000
2020,Departure,Denmark,4561062,Passengers,DK, DNK,56.263920,9.501785
2020,Departure,Slovakia,252540,Passengers,SK, SVK,48.669026,19.699024
2020,Departure,Slovenia,144323,Passengers,SI, SVN,46.151241,14.995463
2020,Departure,Spain,37628465,Passengers,ES, ESP,40.463667,-3.749220
2020,Departure,Estonia,428242,Passengers,EE, EST,58.595272,25.013607
2020,Departure,Finland,3187571,Passengers,FI, FIN,61.924110,25.748151
2020,Departure,France,32219375,Passengers,FR, FRA,46.227638,2.213749
2020,Departure,Greece,10885762,Passengers,GR, GRC,39.074208,21.824312
2020,Departure,Hungary,2023944,Passengers,HU, HUN,47.162494,19.503304
2020,Departure,Ireland,4132065,Passengers,IE, IRL,53.412910,-8.243890
2020,Departure,Italy,26402941,Passengers,IT, ITA,41.871940,12.567380
2020,Departure,Latvia,995348,Passengers,LV, LVA,56.879635,24.603189
2020,Departure,Lithuania,905164,Passengers,LT, LTU,55.169438,23.881275
2020,Departure,Luxembourg,709676,Passengers,LU, LUX,49.815273,6.129583
2020,Departure,Malta,883730,Passengers,MT, MLT,35.937496,14.375416
2020,Departure,Netherlands,11735425,Passengers,NL, NLD,52.132633,5.291266
2020,Departure,Poland,7245172,Passengers,PL, POL,51.919438,19.145136
2020,Departure,Portugal,9263255,Passengers,PT, PRT,39.399872,-8.224454
2020,Departure,Czech Republic,1938912,Passengers,CZ, CZE,49.817492,15.472962
2020,Departure,Romania,3578124,Passengers,RO, ROU,45.943161,24.966760
2020,Departure,Sweden,5498125,Passengers,SE, SWE,60.128161,18.643501
2020,Departure,Iceland,810445,Passengers,IS, ISL,64.963051,-19.020835
2020,Departure,Norway,10210833,Passengers,NO, NOR,60.472024,8.468946
2020,Departure,Switzerland,8026833,Passengers,CH, CHE,46.818188,8.227512
2010,Departure,Germany,957846,Flights,DE, DEU,51.165691,10.451526
2010,Departure,Austria,154523,Flights,AT, AUT,47.516231,14.550072
2010,Departure,Belgium,133634,Flights,BE, BEL,50.503887,4.469936
2010,Departure,Bulgaria,31141,Flights,BG, BGR,42.733883,25.485830
2010,Departure,Cyprus,30702,Flights,CY, CYP,35.126413,33.429859
2010,Departure,Croatia,32286,Flights,HR, HRV,45.100000,15.200000
2010,Departure,Denmark,162794,Flights,DK, DNK,56.263920,9.501785
2010,Departure,Slovakia,11735,Flights,SK, SVK,48.669026,19.699024
2010,Departure,Slovenia,13224,Flights,SI, SVN,46.151241,14.995463
2010,Departure,Spain,850693,Flights,ES, ESP,40.463667,-3.749220
2010,Departure,Estonia,12385,Flights,EE, EST,58.595272,25.013607
2010,Departure,Finland,118695,Flights,FI, FIN,61.924110,25.748151
2010,Departure,France,736560,Flights,FR, FRA,46.227638,2.213749
2010,Departure,Greece,203915,Flights,GR, GRC,39.074208,21.824312
2010,Departure,Hungary,46884,Flights,HU, HUN,47.162494,19.503304
2010,Departure,Ireland,101757,Flights,IE, IRL,53.412910,-8.243890
2010,Departure,Italy,667171,Flights,IT, ITA,41.871940,12.567380
2010,Departure,Latvia,33170,Flights,LV, LVA,56.879635,24.603189
2010,Departure,Lithuania,15846,Flights,LT, LTU,55.169438,23.881275
2010,Departure,Luxembourg,17787,Flights,LU, LUX,49.815273,6.129583
2010,Departure,Malta,14522,Flights,MT, MLT,35.937496,14.375416
2010,Departure,Netherlands,207041,Flights,NL, NLD,52.132633,5.291266
2010,Departure,Poland,120473,Flights,PL, POL,51.919438,19.145136
2010,Departure,Portugal,134333,Flights,PT, PRT,39.399872,-8.224454
2010,Departure,Czech Republic,79057,Flights,CZ, CZE,49.817492,15.472962
2010,Departure,Romania,64232,Flights,RO, ROU,45.943161,24.966760
2010,Departure,Sweden,194738,Flights,SE, SWE,60.128161,18.643501
2010,Departure,Iceland,7808,Flights,IS, ISL,64.963051,-19.020835
2010,Departure,Norway,267144,Flights,NO, NOR,60.472024,8.468946
2010,Departure,United Kingdom,959965,Flights,GB, GBR,55.378051,-3.435973
2010,Departure,Switzerland,198092,Flights,CH, CHE,46.818188,8.227512
2011,Departure,Germany,1035535,Flights,DE, DEU,51.165691,10.451526
2011,Departure,Austria,150933,Flights,AT, AUT,47.516231,14.550072
2011,Departure,Belgium,141985,Flights,BE, BEL,50.503887,4.469936
2011,Departure,Bulgaria,32640,Flights,BG, BGR,42.733883,25.485830
2011,Departure,Cyprus,29315,Flights,CY, CYP,35.126413,33.429859
2011,Departure,Croatia,32278,Flights,HR, HRV,45.100000,15.200000
2011,Departure,Denmark,168308,Flights,DK, DNK,56.263920,9.501785
2011,Departure,Slovakia,10567,Flights,SK, SVK,48.669026,19.699024
2011,Departure,Slovenia,12650,Flights,SI, SVN,46.151241,14.995463
2011,Departure,Spain,873267,Flights,ES, ESP,40.463667,-3.749220
2011,Departure,Estonia,15256,Flights,EE, EST,58.595272,25.013607
2011,Departure,Finland,132034,Flights,FI, FIN,61.924110,25.748151
2011,Departure,France,769781,Flights,FR, FRA,46.227638,2.213749
2011,Departure,Greece,197780,Flights,GR, GRC,39.074208,21.824312
2011,Departure,Hungary,49074,Flights,HU, HUN,47.162494,19.503304
2011,Departure,Ireland,100919,Flights,IE, IRL,53.412910,-8.243890
2011,Departure,Italy,671466,Flights,IT, ITA,41.871940,12.567380
2011,Departure,Latvia,34983,Flights,LV, LVA,56.879635,24.603189
2011,Departure,Lithuania,16720,Flights,LT, LTU,55.169438,23.881275
2011,Departure,Luxembourg,19686,Flights,LU, LUX,49.815273,6.129583
2011,Departure,Malta,14138,Flights,MT, MLT,35.937496,14.375416
2011,Departure,Netherlands,226576,Flights,NL, NLD,52.132633,5.291266
2011,Departure,Poland,131031,Flights,PL, POL,51.919438,19.145136
2011,Departure,Portugal,138135,Flights,PT, PRT,39.399872,-8.224454
2011,Departure,Czech Republic,76248,Flights,CZ, CZE,49.817492,15.472962
2011,Departure,Romania,64862,Flights,RO, ROU,45.943161,24.966760
2011,Departure,Sweden,214200,Flights,SE, SWE,60.128161,18.643501
2011,Departure,Iceland,9342,Flights,IS, ISL,64.963051,-19.020835
2011,Departure,Norway,279573,Flights,NO, NOR,60.472024,8.468946
2011,Departure,United Kingdom,981616,Flights,GB, GBR,55.378051,-3.435973
2011,Departure,Switzerland,215570,Flights,CH, CHE,46.818188,8.227512
2012,Departure,Germany,1008626,Flights,DE, DEU,51.165691,10.451526
2012,Departure,Austria,146971,Flights,AT, AUT,47.516231,14.550072
2012,Departure,Belgium,136751,Flights,BE, BEL,50.503887,4.469936
2012,Departure,Bulgaria,30638,Flights,BG, BGR,42.733883,25.485830
2012,Departure,Cyprus,28153,Flights,CY, CYP,35.126413,33.429859
2012,Departure,Croatia,32449,Flights,HR, HRV,45.100000,15.200000
2012,Departure,Denmark,156305,Flights,DK, DNK,56.263920,9.501785
2012,Departure,Slovakia,8559,Flights,SK, SVK,48.669026,19.699024
2012,Departure,Slovenia,11090,Flights,SI, SVN,46.151241,14.995463
2012,Departure,Spain,789337,Flights,ES, ESP,40.463667,-3.749220
2012,Departure,Estonia,19533,Flights,EE, EST,58.595272,25.013607
2012,Departure,Finland,117778,Flights,FI, FIN,61.924110,25.748151
2012,Departure,France,758855,Flights,FR, FRA,46.227638,2.213749
2012,Departure,Greece,185239,Flights,GR, GRC,39.074208,21.824312
2012,Departure,Hungary,37872,Flights,HU, HUN,47.162494,19.503304
2012,Departure,Ireland,98074,Flights,IE, IRL,53.412910,-8.243890
2012,Departure,Italy,649556,Flights,IT, ITA,41.871940,12.567380
2012,Departure,Latvia,32094,Flights,LV, LVA,56.879635,24.603189
2012,Departure,Lithuania,17595,Flights,LT, LTU,55.169438,23.881275
2012,Departure,Luxembourg,20217,Flights,LU, LUX,49.815273,6.129583
2012,Departure,Malta,14327,Flights,MT, MLT,35.937496,14.375416
2012,Departure,Netherlands,229234,Flights,NL, NLD,52.132633,5.291266
2012,Departure,Poland,139663,Flights,PL, POL,51.919438,19.145136
2012,Departure,Portugal,137271,Flights,PT, PRT,39.399872,-8.224454
2012,Departure,Czech Republic,66624,Flights,CZ, CZE,49.817492,15.472962
2012,Departure,Romania,59645,Flights,RO, ROU,45.943161,24.966760
2012,Departure,Sweden,207811,Flights,SE, SWE,60.128161,18.643501
2012,Departure,Iceland,10121,Flights,IS, ISL,64.963051,-19.020835
2012,Departure,Norway,291110,Flights,NO, NOR,60.472024,8.468946
2012,Departure,United Kingdom,968497,Flights,GB, GBR,55.378051,-3.435973
2012,Departure,Switzerland,218865,Flights,CH, CHE,46.818188,8.227512
2013,Departure,Germany,965891,Flights,DE, DEU,51.165691,10.451526
2013,Departure,Austria,140262,Flights,AT, AUT,47.516231,14.550072
2013,Departure,Belgium,132999,Flights,BE, BEL,50.503887,4.469936
2013,Departure,Bulgaria,29815,Flights,BG, BGR,42.733883,25.485830
2013,Departure,Cyprus,24949,Flights,CY, CYP,35.126413,33.429859
2013,Departure,Croatia,33200,Flights,HR, HRV,45.100000,15.200000
2013,Departure,Denmark,159414,Flights,DK, DNK,56.263920,9.501785
2013,Departure,Slovakia,8032,Flights,SK, SVK,48.669026,19.699024
2013,Departure,Slovenia,10507,Flights,SI, SVN,46.151241,14.995463
2013,Departure,Spain,737119,Flights,ES, ESP,40.463667,-3.749220
2013,Departure,Estonia,14300,Flights,EE, EST,58.595272,25.013607
2013,Departure,Finland,111187,Flights,FI, FIN,61.924110,25.748151
2013,Departure,France,742575,Flights,FR, FRA,46.227638,2.213749
2013,Departure,Greece,180059,Flights,GR, GRC,39.074208,21.824312
2013,Departure,Hungary,35897,Flights,HU, HUN,47.162494,19.503304
2013,Departure,Ireland,99289,Flights,IE, IRL,53.412910,-8.243890
2013,Departure,Italy,611134,Flights,IT, ITA,41.871940,12.567380
2013,Departure,Latvia,31112,Flights,LV, LVA,56.879635,24.603189
2013,Departure,Lithuania,17546,Flights,LT, LTU,55.169438,23.881275
2013,Departure,Luxembourg,20496,Flights,LU, LUX,49.815273,6.129583
2013,Departure,Malta,15589,Flights,MT, MLT,35.937496,14.375416
2013,Departure,Netherlands,233098,Flights,NL, NLD,52.132633,5.291266
2013,Departure,Poland,134511,Flights,PL, POL,51.919438,19.145136
2013,Departure,Portugal,140228,Flights,PT, PRT,39.399872,-8.224454
2013,Departure,Czech Republic,64566,Flights,CZ, CZE,49.817492,15.472962
2013,Departure,Romania,57689,Flights,RO, ROU,45.943161,24.966760
2013,Departure,Sweden,210812,Flights,SE, SWE,60.128161,18.643501
2013,Departure,Iceland,11416,Flights,IS, ISL,64.963051,-19.020835
2013,Departure,Norway,298564,Flights,NO, NOR,60.472024,8.468946
2013,Departure,United Kingdom,978998,Flights,GB, GBR,55.378051,-3.435973
2013,Departure,Switzerland,214931,Flights,CH, CHE,46.818188,8.227512
2014,Departure,Germany,915728,Flights,DE, DEU,51.165691,10.451526
2014,Departure,Austria,140470,Flights,AT, AUT,47.516231,14.550072
2014,Departure,Belgium,137714,Flights,BE, BEL,50.503887,4.469936
2014,Departure,Bulgaria,31621,Flights,BG, BGR,42.733883,25.485830
2014,Departure,Cyprus,26221,Flights,CY, CYP,35.126413,33.429859
2014,Departure,Croatia,35312,Flights,HR, HRV,45.100000,15.200000
2014,Departure,Denmark,160963,Flights,DK, DNK,56.263920,9.501785
2014,Departure,Slovakia,8440,Flights,SK, SVK,48.669026,19.699024
2014,Departure,Slovenia,10071,Flights,SI, SVN,46.151241,14.995463
2014,Departure,Spain,761484,Flights,ES, ESP,40.463667,-3.749220
2014,Departure,Estonia,14476,Flights,EE, EST,58.595272,25.013607
2014,Departure,Finland,109442,Flights,FI, FIN,61.924110,25.748151
2014,Departure,France,728723,Flights,FR, FRA,46.227638,2.213749
2014,Departure,Greece,200177,Flights,GR, GRC,39.074208,21.824312
2014,Departure,Hungary,37410,Flights,HU, HUN,47.162494,19.503304
2014,Departure,Ireland,105589,Flights,IE, IRL,53.412910,-8.243890
2014,Departure,Italy,594482,Flights,IT, ITA,41.871940,12.567380
2014,Departure,Latvia,30469,Flights,LV, LVA,56.879635,24.603189
2014,Departure,Lithuania,19733,Flights,LT, LTU,55.169438,23.881275
2014,Departure,Luxembourg,21089,Flights,LU, LUX,49.815273,6.129583
2014,Departure,Malta,16424,Flights,MT, MLT,35.937496,14.375416
2014,Departure,Netherlands,239543,Flights,NL, NLD,52.132633,5.291266
2014,Departure,Poland,140928,Flights,PL, POL,51.919438,19.145136
2014,Departure,Portugal,148078,Flights,PT, PRT,39.399872,-8.224454
2014,Departure,Czech Republic,63031,Flights,CZ, CZE,49.817492,15.472962
2014,Departure,Romania,58836,Flights,RO, ROU,45.943161,24.966760
2014,Departure,Sweden,214029,Flights,SE, SWE,60.128161,18.643501
2014,Departure,Iceland,13539,Flights,IS, ISL,64.963051,-19.020835
2014,Departure,Norway,301644,Flights,NO, NOR,60.472024,8.468946
2014,Departure,United Kingdom,994070,Flights,GB, GBR,55.378051,-3.435973
2014,Departure,Switzerland,218933,Flights,CH, CHE,46.818188,8.227512
2015,Departure,Germany,920240,Flights,DE, DEU,51.165691,10.451526
2015,Departure,Austria,138148,Flights,AT, AUT,47.516231,14.550072
2015,Departure,Belgium,143624,Flights,BE, BEL,50.503887,4.469936
2015,Departure,Bulgaria,31866,Flights,BG, BGR,42.733883,25.485830
2015,Departure,Cyprus,26831,Flights,CY, CYP,35.126413,33.429859
2015,Departure,Croatia,36504,Flights,HR, HRV,45.100000,15.200000
2015,Departure,Denmark,163179,Flights,DK, DNK,56.263920,9.501785
2015,Departure,Slovakia,9270,Flights,SK, SVK,48.669026,19.699024
2015,Departure,Slovenia,10596,Flights,SI, SVN,46.151241,14.995463
2015,Departure,Spain,781132,Flights,ES, ESP,40.463667,-3.749220
2015,Departure,Estonia,16019,Flights,EE, EST,58.595272,25.013607
2015,Departure,Finland,107688,Flights,FI, FIN,61.924110,25.748151
2015,Departure,France,732677,Flights,FR, FRA,46.227638,2.213749
2015,Departure,Greece,214151,Flights,GR, GRC,39.074208,21.824312
2015,Departure,Hungary,40099,Flights,HU, HUN,47.162494,19.503304
2015,Departure,Ireland,111204,Flights,IE, IRL,53.412910,-8.243890
2015,Departure,Italy,620937,Flights,IT, ITA,41.871940,12.567380
2015,Departure,Latvia,31522,Flights,LV, LVA,56.879635,24.603189
2015,Departure,Lithuania,20886,Flights,LT, LTU,55.169438,23.881275
2015,Departure,Luxembourg,21313,Flights,LU, LUX,49.815273,6.129583
2015,Departure,Malta,17338,Flights,MT, MLT,35.937496,14.375416
2015,Departure,Netherlands,246942,Flights,NL, NLD,52.132633,5.291266
2015,Departure,Poland,151179,Flights,PL, POL,51.919438,19.145136
2015,Departure,Portugal,157923,Flights,PT, PRT,39.399872,-8.224454
2015,Departure,Czech Republic,63580,Flights,CZ, CZE,49.817492,15.472962
2015,Departure,Romania,63147,Flights,RO, ROU,45.943161,24.966760
2015,Departure,Sweden,214119,Flights,SE, SWE,60.128161,18.643501
2015,Departure,Iceland,16170,Flights,IS, ISL,64.963051,-19.020835
2015,Departure,Norway,322526,Flights,NO, NOR,60.472024,8.468946
2015,Departure,United Kingdom,1018035,Flights,GB, GBR,55.378051,-3.435973
2015,Departure,Switzerland,222357,Flights,CH, CHE,46.818188,8.227512
2016,Departure,Germany,941790,Flights,DE, DEU,51.165691,10.451526
2016,Departure,Austria,135880,Flights,AT, AUT,47.516231,14.550072
2016,Departure,Belgium,138143,Flights,BE, BEL,50.503887,4.469936
2016,Departure,Bulgaria,37699,Flights,BG, BGR,42.733883,25.485830
2016,Departure,Cyprus,32103,Flights,CY, CYP,35.126413,33.429859
2016,Departure,Croatia,40373,Flights,HR, HRV,45.100000,15.200000
2016,Departure,Denmark,169375,Flights,DK, DNK,56.263920,9.501785
2016,Departure,Slovakia,10543,Flights,SK, SVK,48.669026,19.699024
2016,Departure,Slovenia,10425,Flights,SI, SVN,46.151241,14.995463
2016,Departure,Spain,831689,Flights,ES, ESP,40.463667,-3.749220
2016,Departure,Estonia,16097,Flights,EE, EST,58.595272,25.013607
2016,Departure,Finland,105611,Flights,FI, FIN,61.924110,25.748151
2016,Departure,France,744469,Flights,FR, FRA,46.227638,2.213749
2016,Departure,Greece,226846,Flights,GR, GRC,39.074208,21.824312
2016,Departure,Hungary,43157,Flights,HU, HUN,47.162494,19.503304
2016,Departure,Ireland,120821,Flights,IE, IRL,53.412910,-8.243890
2016,Departure,Italy,641380,Flights,IT, ITA,41.871940,12.567380
2016,Departure,Latvia,31236,Flights,LV, LVA,56.879635,24.603189
2016,Departure,Lithuania,22464,Flights,LT, LTU,55.169438,23.881275
2016,Departure,Luxembourg,24607,Flights,LU, LUX,49.815273,6.129583
2016,Departure,Malta,18085,Flights,MT, MLT,35.937496,14.375416
2016,Departure,Netherlands,261762,Flights,NL, NLD,52.132633,5.291266
2016,Departure,Poland,155615,Flights,PL, POL,51.919438,19.145136
2016,Departure,Portugal,187368,Flights,PT, PRT,39.399872,-8.224454
2016,Departure,Czech Republic,66976,Flights,CZ, CZE,49.817492,15.472962
2016,Departure,Romania,73550,Flights,RO, ROU,45.943161,24.966760
2016,Departure,Sweden,220171,Flights,SE, SWE,60.128161,18.643501
2016,Departure,Iceland,21770,Flights,IS, ISL,64.963051,-19.020835
2016,Departure,Norway,316143,Flights,NO, NOR,60.472024,8.468946
2016,Departure,United Kingdom,1065691,Flights,GB, GBR,55.378051,-3.435973
2016,Departure,Switzerland,227238,Flights,CH, CHE,46.818188,8.227512
2017,Departure,Germany,953186,Flights,DE, DEU,51.165691,10.451526
2017,Departure,Austria,135709,Flights,AT, AUT,47.516231,14.550072
2017,Departure,Belgium,140295,Flights,BE, BEL,50.503887,4.469936
2017,Departure,Bulgaria,41493,Flights,BG, BGR,42.733883,25.485830
2017,Departure,Cyprus,35972,Flights,CY, CYP,35.126413,33.429859
2017,Departure,Croatia,44250,Flights,HR, HRV,45.100000,15.200000
2017,Departure,Denmark,164312,Flights,DK, DNK,56.263920,9.501785
2017,Departure,Slovakia,11062,Flights,SK, SVK,48.669026,19.699024
2017,Departure,Slovenia,11825,Flights,SI, SVN,46.151241,14.995463
2017,Departure,Spain,881405,Flights,ES, ESP,40.463667,-3.749220
2017,Departure,Estonia,18407,Flights,EE, EST,58.595272,25.013607
2017,Departure,Finland,111868,Flights,FI, FIN,61.924110,25.748151
2017,Departure,France,754406,Flights,FR, FRA,46.227638,2.213749
2017,Departure,Greece,237821,Flights,GR, GRC,39.074208,21.824312
2017,Departure,Hungary,46473,Flights,HU, HUN,47.162494,19.503304
2017,Departure,Ireland,124238,Flights,IE, IRL,53.412910,-8.243890
2017,Departure,Italy,660372,Flights,IT, ITA,41.871940,12.567380
2017,Departure,Latvia,34405,Flights,LV, LVA,56.879635,24.603189
2017,Departure,Lithuania,23683,Flights,LT, LTU,55.169438,23.881275
2017,Departure,Luxembourg,26367,Flights,LU, LUX,49.815273,6.129583
2017,Departure,Malta,20858,Flights,MT, MLT,35.937496,14.375416
2017,Departure,Netherlands,269993,Flights,NL, NLD,52.132633,5.291266
2017,Departure,Poland,171802,Flights,PL, POL,51.919438,19.145136
2017,Departure,Portugal,201973,Flights,PT, PRT,39.399872,-8.224454
2017,Departure,Czech Republic,70169,Flights,CZ, CZE,49.817492,15.472962
2017,Departure,Romania,82552,Flights,RO, ROU,45.943161,24.966760
2017,Departure,Sweden,228733,Flights,SE, SWE,60.128161,18.643501
2017,Departure,Iceland,25221,Flights,IS, ISL,64.963051,-19.020835
2017,Departure,Norway,312173,Flights,NO, NOR,60.472024,8.468946
2017,Departure,United Kingdom,1093994,Flights,GB, GBR,55.378051,-3.435973
2017,Departure,Switzerland,226664,Flights,CH, CHE,46.818188,8.227512
2018,Departure,Germany,989501,Flights,DE, DEU,51.165691,10.451526
2018,Departure,Austria,143766,Flights,AT, AUT,47.516231,14.550072
2018,Departure,Belgium,142519,Flights,BE, BEL,50.503887,4.469936
2018,Departure,Bulgaria,44902,Flights,BG, BGR,42.733883,25.485830
2018,Departure,Cyprus,37831,Flights,CY, CYP,35.126413,33.429859
2018,Departure,Croatia,47779,Flights,HR, HRV,45.100000,15.200000
2018,Departure,Denmark,168097,Flights,DK, DNK,56.263920,9.501785
2018,Departure,Slovakia,12126,Flights,SK, SVK,48.669026,19.699024
2018,Departure,Slovenia,12280,Flights,SI, SVN,46.151241,14.995463
2018,Departure,Spain,940648,Flights,ES, ESP,40.463667,-3.749220
2018,Departure,Estonia,19926,Flights,EE, EST,58.595272,25.013607
2018,Departure,Finland,120361,Flights,FI, FIN,61.924110,25.748151
2018,Departure,France,759290,Flights,FR, FRA,46.227638,2.213749
2018,Departure,Greece,255638,Flights,GR, GRC,39.074208,21.824312
2018,Departure,Hungary,52458,Flights,HU, HUN,47.162494,19.503304
2018,Departure,Ireland,130287,Flights,IE, IRL,53.412910,-8.243890
2018,Departure,Italy,686166,Flights,IT, ITA,41.871940,12.567380
2018,Departure,Latvia,38856,Flights,LV, LVA,56.879635,24.603189
2018,Departure,Lithuania,26285,Flights,LT, LTU,55.169438,23.881275
2018,Departure,Luxembourg,28363,Flights,LU, LUX,49.815273,6.129583
2018,Departure,Malta,23921,Flights,MT, MLT,35.937496,14.375416
2018,Departure,Netherlands,274703,Flights,NL, NLD,52.132633,5.291266
2018,Departure,Poland,192979,Flights,PL, POL,51.919438,19.145136
2018,Departure,Portugal,216694,Flights,PT, PRT,39.399872,-8.224454
2018,Departure,Czech Republic,74412,Flights,CZ, CZE,49.817492,15.472962
2018,Departure,Romania,87681,Flights,RO, ROU,45.943161,24.966760
2018,Departure,Sweden,228782,Flights,SE, SWE,60.128161,18.643501
2018,Departure,Iceland,39823,Flights,IS, ISL,64.963051,-19.020835
2018,Departure,Norway,310380,Flights,NO, NOR,60.472024,8.468946
2018,Departure,United Kingdom,1098533,Flights,GB, GBR,55.378051,-3.435973
2018,Departure,Switzerland,228851,Flights,CH, CHE,46.818188,8.227512
2019,Departure,Germany,988570,Flights,DE, DEU,51.165691,10.451526
2019,Departure,Austria,155114,Flights,AT, AUT,47.516231,14.550072
2019,Departure,Belgium,141935,Flights,BE, BEL,50.503887,4.469936
2019,Departure,Bulgaria,42192,Flights,BG, BGR,42.733883,25.485830
2019,Departure,Cyprus,36745,Flights,CY, CYP,35.126413,33.429859
2019,Departure,Croatia,50398,Flights,HR, HRV,45.100000,15.200000
2019,Departure,Denmark,166371,Flights,DK, DNK,56.263920,9.501785
2019,Departure,Slovakia,11499,Flights,SK, SVK,48.669026,19.699024
2019,Departure,Slovenia,10465,Flights,SI, SVN,46.151241,14.995463
2019,Departure,Spain,966254,Flights,ES, ESP,40.463667,-3.749220
2019,Departure,Estonia,19387,Flights,EE, EST,58.595272,25.013607
2019,Departure,Finland,121532,Flights,FI, FIN,61.924110,25.748151
2019,Departure,France,774584,Flights,FR, FRA,46.227638,2.213749
2019,Departure,Greece,260846,Flights,GR, GRC,39.074208,21.824312
2019,Departure,Hungary,56520,Flights,HU, HUN,47.162494,19.503304
2019,Departure,Ireland,133866,Flights,IE, IRL,53.412910,-8.243890
2019,Departure,Italy,707149,Flights,IT, ITA,41.871940,12.567380
2019,Departure,Latvia,40586,Flights,LV, LVA,56.879635,24.603189
2019,Departure,Lithuania,26902,Flights,LT, LTU,55.169438,23.881275
2019,Departure,Luxembourg,29445,Flights,LU, LUX,49.815273,6.129583
2019,Departure,Malta,25892,Flights,MT, MLT,35.937496,14.375416
2019,Departure,Netherlands,274492,Flights,NL, NLD,52.132633,5.291266
2019,Departure,Poland,199406,Flights,PL, POL,51.919438,19.145136
2019,Departure,Portugal,225767,Flights,PT, PRT,39.399872,-8.224454
2019,Departure,Czech Republic,73474,Flights,CZ, CZE,49.817492,15.472962
2019,Departure,Romania,90218,Flights,RO, ROU,45.943161,24.966760
2019,Departure,Sweden,216191,Flights,SE, SWE,60.128161,18.643501
2019,Departure,Iceland,32404,Flights,IS, ISL,64.963051,-19.020835
2019,Departure,Norway,305477,Flights,NO, NOR,60.472024,8.468946
2019,Departure,United Kingdom,1077920,Flights,GB, GBR,55.378051,-3.435973
2019,Departure,Switzerland,227863,Flights,CH, CHE,46.818188,8.227512
2020,Departure,Germany,339573,Flights,DE, DEU,51.165691,10.451526
2020,Departure,Austria,52844,Flights,AT, AUT,47.516231,14.550072
2020,Departure,Belgium,51403,Flights,BE, BEL,50.503887,4.469936
2020,Departure,Bulgaria,17491,Flights,BG, BGR,42.733883,25.485830
2020,Departure,Cyprus,12043,Flights,CY, CYP,35.126413,33.429859
2020,Departure,Croatia,16735,Flights,HR, HRV,45.100000,15.200000
2020,Departure,Denmark,62144,Flights,DK, DNK,56.263920,9.501785
2020,Departure,Slovakia,3125,Flights,SK, SVK,48.669026,19.699024
2020,Departure,Slovenia,1974,Flights,SI, SVN,46.151241,14.995463
2020,Departure,Spain,373072,Flights,ES, ESP,40.463667,-3.749220
2020,Departure,Estonia,7194,Flights,EE, EST,58.595272,25.013607
2020,Departure,Finland,42077,Flights,FI, FIN,61.924110,25.748151
2020,Departure,France,306387,Flights,FR, FRA,46.227638,2.213749
2020,Departure,Greece,124673,Flights,GR, GRC,39.074208,21.824312
2020,Departure,Hungary,18341,Flights,HU, HUN,47.162494,19.503304
2020,Departure,Ireland,44459,Flights,IE, IRL,53.412910,-8.243890
2020,Departure,Italy,273803,Flights,IT, ITA,41.871940,12.567380
2020,Departure,Latvia,13089,Flights,LV, LVA,56.879635,24.603189
2020,Departure,Lithuania,10453,Flights,LT, LTU,55.169438,23.881275
2020,Departure,Luxembourg,10996,Flights,LU, LUX,49.815273,6.129583
2020,Departure,Malta,9463,Flights,MT, MLT,35.937496,14.375416
2020,Departure,Netherlands,113698,Flights,NL, NLD,52.132633,5.291266
2020,Departure,Poland,79478,Flights,PL, POL,51.919438,19.145136
2020,Departure,Portugal,95588,Flights,PT, PRT,39.399872,-8.224454
2020,Departure,Czech Republic,20768,Flights,CZ, CZE,49.817492,15.472962
2020,Departure,Romania,35641,Flights,RO, ROU,45.943161,24.966760
2020,Departure,Sweden,73697,Flights,SE, SWE,60.128161,18.643501
2020,Departure,Iceland,10629,Flights,IS, ISL,64.963051,-19.020835
2020,Departure,Norway,174185,Flights,NO, NOR,60.472024,8.468946
2020,Departure,Switzerland,77235,Flights,CH, CHE,46.818188,8.227512
2010,Arrival,Germany,959021,Flights,DE, DEU,51.165691,10.451526
2010,Arrival,Austria,154296,Flights,AT, AUT,47.516231,14.550072
2010,Arrival,Belgium,133855,Flights,BE, BEL,50.503887,4.469936
2010,Arrival,Bulgaria,31135,Flights,BG, BGR,42.733883,25.485830
2010,Arrival,Cyprus,30503,Flights,CY, CYP,35.126413,33.429859
2010,Arrival,Croatia,32399,Flights,HR, HRV,45.100000,15.200000
2010,Arrival,Denmark,162632,Flights,DK, DNK,56.263920,9.501785
2010,Arrival,Slovakia,11691,Flights,SK, SVK,48.669026,19.699024
2010,Arrival,Slovenia,13419,Flights,SI, SVN,46.151241,14.995463
2010,Arrival,Spain,850160,Flights,ES, ESP,40.463667,-3.749220
2010,Arrival,Estonia,12366,Flights,EE, EST,58.595272,25.013607
2010,Arrival,Finland,119567,Flights,FI, FIN,61.924110,25.748151
2010,Arrival,France,737363,Flights,FR, FRA,46.227638,2.213749
2010,Arrival,Greece,202432,Flights,GR, GRC,39.074208,21.824312
2010,Arrival,Hungary,46868,Flights,HU, HUN,47.162494,19.503304
2010,Arrival,Ireland,101570,Flights,IE, IRL,53.412910,-8.243890
2010,Arrival,Italy,669335,Flights,IT, ITA,41.871940,12.567380
2010,Arrival,Latvia,32856,Flights,LV, LVA,56.879635,24.603189
2010,Arrival,Lithuania,15903,Flights,LT, LTU,55.169438,23.881275
2010,Arrival,Luxembourg,17789,Flights,LU, LUX,49.815273,6.129583
2010,Arrival,Malta,14523,Flights,MT, MLT,35.937496,14.375416
2010,Arrival,Netherlands,206989,Flights,NL, NLD,52.132633,5.291266
2010,Arrival,Poland,120688,Flights,PL, POL,51.919438,19.145136
2010,Arrival,Portugal,134983,Flights,PT, PRT,39.399872,-8.224454
2010,Arrival,Czech Republic,79266,Flights,CZ, CZE,49.817492,15.472962
2010,Arrival,Romania,64769,Flights,RO, ROU,45.943161,24.966760
2010,Arrival,Sweden,194518,Flights,SE, SWE,60.128161,18.643501
2010,Arrival,Iceland,7571,Flights,IS, ISL,64.963051,-19.020835
2010,Arrival,Norway,267439,Flights,NO, NOR,60.472024,8.468946
2010,Arrival,United Kingdom,960393,Flights,GB, GBR,55.378051,-3.435973
2010,Arrival,Switzerland,198276,Flights,CH, CHE,46.818188,8.227512
2011,Arrival,Germany,1035782,Flights,DE, DEU,51.165691,10.451526
2011,Arrival,Austria,150783,Flights,AT, AUT,47.516231,14.550072
2011,Arrival,Belgium,142071,Flights,BE, BEL,50.503887,4.469936
2011,Arrival,Bulgaria,32609,Flights,BG, BGR,42.733883,25.485830
2011,Arrival,Cyprus,29329,Flights,CY, CYP,35.126413,33.429859
2011,Arrival,Croatia,32456,Flights,HR, HRV,45.100000,15.200000
2011,Arrival,Denmark,168160,Flights,DK, DNK,56.263920,9.501785
2011,Arrival,Slovakia,10480,Flights,SK, SVK,48.669026,19.699024
2011,Arrival,Slovenia,12788,Flights,SI, SVN,46.151241,14.995463
2011,Arrival,Spain,872950,Flights,ES, ESP,40.463667,-3.749220
2011,Arrival,Estonia,15241,Flights,EE, EST,58.595272,25.013607
2011,Arrival,Finland,132928,Flights,FI, FIN,61.924110,25.748151
2011,Arrival,France,769923,Flights,FR, FRA,46.227638,2.213749
2011,Arrival,Greece,196230,Flights,GR, GRC,39.074208,21.824312
2011,Arrival,Hungary,49066,Flights,HU, HUN,47.162494,19.503304
2011,Arrival,Ireland,99123,Flights,IE, IRL,53.412910,-8.243890
2011,Arrival,Italy,673399,Flights,IT, ITA,41.871940,12.567380
2011,Arrival,Latvia,34843,Flights,LV, LVA,56.879635,24.603189
2011,Arrival,Lithuania,16792,Flights,LT, LTU,55.169438,23.881275
2011,Arrival,Luxembourg,19660,Flights,LU, LUX,49.815273,6.129583
2011,Arrival,Malta,14147,Flights,MT, MLT,35.937496,14.375416
2011,Arrival,Netherlands,226471,Flights,NL, NLD,52.132633,5.291266
2011,Arrival,Poland,131167,Flights,PL, POL,51.919438,19.145136
2011,Arrival,Portugal,138851,Flights,PT, PRT,39.399872,-8.224454
2011,Arrival,Czech Republic,76504,Flights,CZ, CZE,49.817492,15.472962
2011,Arrival,Romania,64307,Flights,RO, ROU,45.943161,24.966760
2011,Arrival,Sweden,213607,Flights,SE, SWE,60.128161,18.643501
2011,Arrival,Iceland,8955,Flights,IS, ISL,64.963051,-19.020835
2011,Arrival,Norway,279853,Flights,NO, NOR,60.472024,8.468946
2011,Arrival,United Kingdom,982275,Flights,GB, GBR,55.378051,-3.435973
2011,Arrival,Switzerland,215812,Flights,CH, CHE,46.818188,8.227512
2012,Arrival,Germany,1009105,Flights,DE, DEU,51.165691,10.451526
2012,Arrival,Austria,146858,Flights,AT, AUT,47.516231,14.550072
2012,Arrival,Belgium,136875,Flights,BE, BEL,50.503887,4.469936
2012,Arrival,Bulgaria,30627,Flights,BG, BGR,42.733883,25.485830
2012,Arrival,Cyprus,28120,Flights,CY, CYP,35.126413,33.429859
2012,Arrival,Croatia,32469,Flights,HR, HRV,45.100000,15.200000
2012,Arrival,Denmark,156139,Flights,DK, DNK,56.263920,9.501785
2012,Arrival,Slovakia,8537,Flights,SK, SVK,48.669026,19.699024
2012,Arrival,Slovenia,11108,Flights,SI, SVN,46.151241,14.995463
2012,Arrival,Spain,788831,Flights,ES, ESP,40.463667,-3.749220
2012,Arrival,Estonia,19515,Flights,EE, EST,58.595272,25.013607
2012,Arrival,Finland,117821,Flights,FI, FIN,61.924110,25.748151
2012,Arrival,France,759280,Flights,FR, FRA,46.227638,2.213749
2012,Arrival,Greece,183450,Flights,GR, GRC,39.074208,21.824312
2012,Arrival,Hungary,37844,Flights,HU, HUN,47.162494,19.503304
2012,Arrival,Ireland,98110,Flights,IE, IRL,53.412910,-8.243890
2012,Arrival,Italy,650812,Flights,IT, ITA,41.871940,12.567380
2012,Arrival,Latvia,32029,Flights,LV, LVA,56.879635,24.603189
2012,Arrival,Lithuania,17615,Flights,LT, LTU,55.169438,23.881275
2012,Arrival,Luxembourg,20178,Flights,LU, LUX,49.815273,6.129583
2012,Arrival,Malta,14321,Flights,MT, MLT,35.937496,14.375416
2012,Arrival,Netherlands,229204,Flights,NL, NLD,52.132633,5.291266
2012,Arrival,Poland,139653,Flights,PL, POL,51.919438,19.145136
2012,Arrival,Portugal,137495,Flights,PT, PRT,39.399872,-8.224454
2012,Arrival,Czech Republic,66945,Flights,CZ, CZE,49.817492,15.472962
2012,Arrival,Romania,59540,Flights,RO, ROU,45.943161,24.966760
2012,Arrival,Sweden,207343,Flights,SE, SWE,60.128161,18.643501
2012,Arrival,Iceland,9776,Flights,IS, ISL,64.963051,-19.020835
2012,Arrival,Norway,291454,Flights,NO, NOR,60.472024,8.468946
2012,Arrival,United Kingdom,968348,Flights,GB, GBR,55.378051,-3.435973
2012,Arrival,Switzerland,219058,Flights,CH, CHE,46.818188,8.227512
2013,Arrival,Germany,966708,Flights,DE, DEU,51.165691,10.451526
2013,Arrival,Austria,140205,Flights,AT, AUT,47.516231,14.550072
2013,Arrival,Belgium,133029,Flights,BE, BEL,50.503887,4.469936
2013,Arrival,Bulgaria,29821,Flights,BG, BGR,42.733883,25.485830
2013,Arrival,Cyprus,24959,Flights,CY, CYP,35.126413,33.429859
2013,Arrival,Croatia,33117,Flights,HR, HRV,45.100000,15.200000
2013,Arrival,Denmark,159229,Flights,DK, DNK,56.263920,9.501785
2013,Arrival,Slovakia,7954,Flights,SK, SVK,48.669026,19.699024
2013,Arrival,Slovenia,10576,Flights,SI, SVN,46.151241,14.995463
2013,Arrival,Spain,736212,Flights,ES, ESP,40.463667,-3.749220
2013,Arrival,Estonia,14284,Flights,EE, EST,58.595272,25.013607
2013,Arrival,Finland,111142,Flights,FI, FIN,61.924110,25.748151
2013,Arrival,France,743088,Flights,FR, FRA,46.227638,2.213749
2013,Arrival,Greece,178565,Flights,GR, GRC,39.074208,21.824312
2013,Arrival,Hungary,35859,Flights,HU, HUN,47.162494,19.503304
2013,Arrival,Ireland,99194,Flights,IE, IRL,53.412910,-8.243890
2013,Arrival,Italy,612839,Flights,IT, ITA,41.871940,12.567380
2013,Arrival,Latvia,31105,Flights,LV, LVA,56.879635,24.603189
2013,Arrival,Lithuania,17546,Flights,LT, LTU,55.169438,23.881275
2013,Arrival,Luxembourg,20456,Flights,LU, LUX,49.815273,6.129583
2013,Arrival,Malta,15589,Flights,MT, MLT,35.937496,14.375416
2013,Arrival,Netherlands,233046,Flights,NL, NLD,52.132633,5.291266
2013,Arrival,Poland,134491,Flights,PL, POL,51.919438,19.145136
2013,Arrival,Portugal,140671,Flights,PT, PRT,39.399872,-8.224454
2013,Arrival,Czech Republic,64888,Flights,CZ, CZE,49.817492,15.472962
2013,Arrival,Romania,58060,Flights,RO, ROU,45.943161,24.966760
2013,Arrival,Sweden,210693,Flights,SE, SWE,60.128161,18.643501
2013,Arrival,Iceland,11202,Flights,IS, ISL,64.963051,-19.020835
2013,Arrival,Norway,298524,Flights,NO, NOR,60.472024,8.468946
2013,Arrival,United Kingdom,978396,Flights,GB, GBR,55.378051,-3.435973
2013,Arrival,Switzerland,215056,Flights,CH, CHE,46.818188,8.227512
2014,Arrival,Germany,916434,Flights,DE, DEU,51.165691,10.451526
2014,Arrival,Austria,140453,Flights,AT, AUT,47.516231,14.550072
2014,Arrival,Belgium,137792,Flights,BE, BEL,50.503887,4.469936
2014,Arrival,Bulgaria,31606,Flights,BG, BGR,42.733883,25.485830
2014,Arrival,Cyprus,26215,Flights,CY, CYP,35.126413,33.429859
2014,Arrival,Croatia,35275,Flights,HR, HRV,45.100000,15.200000
2014,Arrival,Denmark,160826,Flights,DK, DNK,56.263920,9.501785
2014,Arrival,Slovakia,8316,Flights,SK, SVK,48.669026,19.699024
2014,Arrival,Slovenia,10402,Flights,SI, SVN,46.151241,14.995463
2014,Arrival,Spain,760756,Flights,ES, ESP,40.463667,-3.749220
2014,Arrival,Estonia,14458,Flights,EE, EST,58.595272,25.013607
2014,Arrival,Finland,109475,Flights,FI, FIN,61.924110,25.748151
2014,Arrival,France,729149,Flights,FR, FRA,46.227638,2.213749
2014,Arrival,Greece,198719,Flights,GR, GRC,39.074208,21.824312
2014,Arrival,Hungary,37422,Flights,HU, HUN,47.162494,19.503304
2014,Arrival,Ireland,105552,Flights,IE, IRL,53.412910,-8.243890
2014,Arrival,Italy,595550,Flights,IT, ITA,41.871940,12.567380
2014,Arrival,Latvia,30424,Flights,LV, LVA,56.879635,24.603189
2014,Arrival,Lithuania,19788,Flights,LT, LTU,55.169438,23.881275
2014,Arrival,Luxembourg,21058,Flights,LU, LUX,49.815273,6.129583
2014,Arrival,Malta,16484,Flights,MT, MLT,35.937496,14.375416
2014,Arrival,Netherlands,239605,Flights,NL, NLD,52.132633,5.291266
2014,Arrival,Poland,140886,Flights,PL, POL,51.919438,19.145136
2014,Arrival,Portugal,149024,Flights,PT, PRT,39.399872,-8.224454
2014,Arrival,Czech Republic,63362,Flights,CZ, CZE,49.817492,15.472962
2014,Arrival,Romania,58909,Flights,RO, ROU,45.943161,24.966760
2014,Arrival,Sweden,213875,Flights,SE, SWE,60.128161,18.643501
2014,Arrival,Iceland,13350,Flights,IS, ISL,64.963051,-19.020835
2014,Arrival,Norway,301895,Flights,NO, NOR,60.472024,8.468946
2014,Arrival,United Kingdom,994127,Flights,GB, GBR,55.378051,-3.435973
2014,Arrival,Switzerland,219059,Flights,CH, CHE,46.818188,8.227512
2015,Arrival,Germany,921542,Flights,DE, DEU,51.165691,10.451526
2015,Arrival,Austria,138053,Flights,AT, AUT,47.516231,14.550072
2015,Arrival,Belgium,143605,Flights,BE, BEL,50.503887,4.469936
2015,Arrival,Bulgaria,31849,Flights,BG, BGR,42.733883,25.485830
2015,Arrival,Cyprus,26875,Flights,CY, CYP,35.126413,33.429859
2015,Arrival,Croatia,36515,Flights,HR, HRV,45.100000,15.200000
2015,Arrival,Denmark,163000,Flights,DK, DNK,56.263920,9.501785
2015,Arrival,Slovakia,9180,Flights,SK, SVK,48.669026,19.699024
2015,Arrival,Slovenia,10859,Flights,SI, SVN,46.151241,14.995463
2015,Arrival,Spain,780284,Flights,ES, ESP,40.463667,-3.749220
2015,Arrival,Estonia,16011,Flights,EE, EST,58.595272,25.013607
2015,Arrival,Finland,107623,Flights,FI, FIN,61.924110,25.748151
2015,Arrival,France,732956,Flights,FR, FRA,46.227638,2.213749
2015,Arrival,Greece,212507,Flights,GR, GRC,39.074208,21.824312
2015,Arrival,Hungary,40085,Flights,HU, HUN,47.162494,19.503304
2015,Arrival,Ireland,111246,Flights,IE, IRL,53.412910,-8.243890
2015,Arrival,Italy,621981,Flights,IT, ITA,41.871940,12.567380
2015,Arrival,Latvia,31507,Flights,LV, LVA,56.879635,24.603189
2015,Arrival,Lithuania,20884,Flights,LT, LTU,55.169438,23.881275
2015,Arrival,Luxembourg,21292,Flights,LU, LUX,49.815273,6.129583
2015,Arrival,Malta,17344,Flights,MT, MLT,35.937496,14.375416
2015,Arrival,Netherlands,246943,Flights,NL, NLD,52.132633,5.291266
2015,Arrival,Poland,151754,Flights,PL, POL,51.919438,19.145136
2015,Arrival,Portugal,159030,Flights,PT, PRT,39.399872,-8.224454
2015,Arrival,Czech Republic,63917,Flights,CZ, CZE,49.817492,15.472962
2015,Arrival,Romania,63094,Flights,RO, ROU,45.943161,24.966760
2015,Arrival,Sweden,214025,Flights,SE, SWE,60.128161,18.643501
2015,Arrival,Iceland,15998,Flights,IS, ISL,64.963051,-19.020835
2015,Arrival,Norway,322460,Flights,NO, NOR,60.472024,8.468946
2015,Arrival,United Kingdom,1018273,Flights,GB, GBR,55.378051,-3.435973
2015,Arrival,Switzerland,222605,Flights,CH, CHE,46.818188,8.227512
2016,Arrival,Germany,943098,Flights,DE, DEU,51.165691,10.451526
2016,Arrival,Austria,135786,Flights,AT, AUT,47.516231,14.550072
2016,Arrival,Belgium,137733,Flights,BE, BEL,50.503887,4.469936
2016,Arrival,Bulgaria,37653,Flights,BG, BGR,42.733883,25.485830
2016,Arrival,Cyprus,31983,Flights,CY, CYP,35.126413,33.429859
2016,Arrival,Croatia,40368,Flights,HR, HRV,45.100000,15.200000
2016,Arrival,Denmark,169103,Flights,DK, DNK,56.263920,9.501785
2016,Arrival,Slovakia,10402,Flights,SK, SVK,48.669026,19.699024
2016,Arrival,Slovenia,10831,Flights,SI, SVN,46.151241,14.995463
2016,Arrival,Spain,831181,Flights,ES, ESP,40.463667,-3.749220
2016,Arrival,Estonia,16069,Flights,EE, EST,58.595272,25.013607
2016,Arrival,Finland,105663,Flights,FI, FIN,61.924110,25.748151
2016,Arrival,France,744900,Flights,FR, FRA,46.227638,2.213749
2016,Arrival,Greece,225260,Flights,GR, GRC,39.074208,21.824312
2016,Arrival,Hungary,43136,Flights,HU, HUN,47.162494,19.503304
2016,Arrival,Ireland,120865,Flights,IE, IRL,53.412910,-8.243890
2016,Arrival,Italy,642398,Flights,IT, ITA,41.871940,12.567380
2016,Arrival,Latvia,31219,Flights,LV, LVA,56.879635,24.603189
2016,Arrival,Lithuania,22497,Flights,LT, LTU,55.169438,23.881275
2016,Arrival,Luxembourg,22703,Flights,LU, LUX,49.815273,6.129583
2016,Arrival,Malta,18080,Flights,MT, MLT,35.937496,14.375416
2016,Arrival,Netherlands,261616,Flights,NL, NLD,52.132633,5.291266
2016,Arrival,Poland,155745,Flights,PL, POL,51.919438,19.145136
2016,Arrival,Portugal,188023,Flights,PT, PRT,39.399872,-8.224454
2016,Arrival,Czech Republic,67305,Flights,CZ, CZE,49.817492,15.472962
2016,Arrival,Romania,73598,Flights,RO, ROU,45.943161,24.966760
2016,Arrival,Sweden,220023,Flights,SE, SWE,60.128161,18.643501
2016,Arrival,Iceland,21650,Flights,IS, ISL,64.963051,-19.020835
2016,Arrival,Norway,316180,Flights,NO, NOR,60.472024,8.468946
2016,Arrival,United Kingdom,1065460,Flights,GB, GBR,55.378051,-3.435973
2016,Arrival,Switzerland,227711,Flights,CH, CHE,46.818188,8.227512
2017,Arrival,Germany,954898,Flights,DE, DEU,51.165691,10.451526
2017,Arrival,Austria,135740,Flights,AT, AUT,47.516231,14.550072
2017,Arrival,Belgium,140192,Flights,BE, BEL,50.503887,4.469936
2017,Arrival,Bulgaria,41471,Flights,BG, BGR,42.733883,25.485830
2017,Arrival,Cyprus,35864,Flights,CY, CYP,35.126413,33.429859
2017,Arrival,Croatia,44156,Flights,HR, HRV,45.100000,15.200000
2017,Arrival,Denmark,163893,Flights,DK, DNK,56.263920,9.501785
2017,Arrival,Slovakia,10953,Flights,SK, SVK,48.669026,19.699024
2017,Arrival,Slovenia,11811,Flights,SI, SVN,46.151241,14.995463
2017,Arrival,Spain,880480,Flights,ES, ESP,40.463667,-3.749220
2017,Arrival,Estonia,18384,Flights,EE, EST,58.595272,25.013607
2017,Arrival,Finland,111865,Flights,FI, FIN,61.924110,25.748151
2017,Arrival,France,754072,Flights,FR, FRA,46.227638,2.213749
2017,Arrival,Greece,237488,Flights,GR, GRC,39.074208,21.824312
2017,Arrival,Hungary,46495,Flights,HU, HUN,47.162494,19.503304
2017,Arrival,Ireland,124227,Flights,IE, IRL,53.412910,-8.243890
2017,Arrival,Italy,661444,Flights,IT, ITA,41.871940,12.567380
2017,Arrival,Latvia,34346,Flights,LV, LVA,56.879635,24.603189
2017,Arrival,Lithuania,23709,Flights,LT, LTU,55.169438,23.881275
2017,Arrival,Luxembourg,24339,Flights,LU, LUX,49.815273,6.129583
2017,Arrival,Malta,20846,Flights,MT, MLT,35.937496,14.375416
2017,Arrival,Netherlands,269838,Flights,NL, NLD,52.132633,5.291266
2017,Arrival,Poland,171860,Flights,PL, POL,51.919438,19.145136
2017,Arrival,Portugal,203154,Flights,PT, PRT,39.399872,-8.224454
2017,Arrival,Czech Republic,70247,Flights,CZ, CZE,49.817492,15.472962
2017,Arrival,Romania,82474,Flights,RO, ROU,45.943161,24.966760
2017,Arrival,Sweden,228730,Flights,SE, SWE,60.128161,18.643501
2017,Arrival,Iceland,25210,Flights,IS, ISL,64.963051,-19.020835
2017,Arrival,Norway,312470,Flights,NO, NOR,60.472024,8.468946
2017,Arrival,United Kingdom,1094037,Flights,GB, GBR,55.378051,-3.435973
2017,Arrival,Switzerland,226795,Flights,CH, CHE,46.818188,8.227512
2018,Arrival,Germany,990633,Flights,DE, DEU,51.165691,10.451526
2018,Arrival,Austria,143689,Flights,AT, AUT,47.516231,14.550072
2018,Arrival,Belgium,142608,Flights,BE, BEL,50.503887,4.469936
2018,Arrival,Bulgaria,44893,Flights,BG, BGR,42.733883,25.485830
2018,Arrival,Cyprus,37681,Flights,CY, CYP,35.126413,33.429859
2018,Arrival,Croatia,47780,Flights,HR, HRV,45.100000,15.200000
2018,Arrival,Denmark,167850,Flights,DK, DNK,56.263920,9.501785
2018,Arrival,Slovakia,23239,Flights,SK, SVK,48.669026,19.699024
2018,Arrival,Slovenia,12247,Flights,SI, SVN,46.151241,14.995463
2018,Arrival,Spain,939963,Flights,ES, ESP,40.463667,-3.749220
2018,Arrival,Estonia,19912,Flights,EE, EST,58.595272,25.013607
2018,Arrival,Finland,120298,Flights,FI, FIN,61.924110,25.748151
2018,Arrival,France,759108,Flights,FR, FRA,46.227638,2.213749
2018,Arrival,Greece,256115,Flights,GR, GRC,39.074208,21.824312
2018,Arrival,Hungary,52427,Flights,HU, HUN,47.162494,19.503304
2018,Arrival,Ireland,130250,Flights,IE, IRL,53.412910,-8.243890
2018,Arrival,Italy,685960,Flights,IT, ITA,41.871940,12.567380
2018,Arrival,Latvia,38816,Flights,LV, LVA,56.879635,24.603189
2018,Arrival,Lithuania,26324,Flights,LT, LTU,55.169438,23.881275
2018,Arrival,Luxembourg,26424,Flights,LU, LUX,49.815273,6.129583
2018,Arrival,Malta,23916,Flights,MT, MLT,35.937496,14.375416
2018,Arrival,Netherlands,274366,Flights,NL, NLD,52.132633,5.291266
2018,Arrival,Poland,189342,Flights,PL, POL,51.919438,19.145136
2018,Arrival,Portugal,218305,Flights,PT, PRT,39.399872,-8.224454
2018,Arrival,Czech Republic,74318,Flights,CZ, CZE,49.817492,15.472962
2018,Arrival,Romania,87762,Flights,RO, ROU,45.943161,24.966760
2018,Arrival,Sweden,228787,Flights,SE, SWE,60.128161,18.643501
2018,Arrival,Iceland,39629,Flights,IS, ISL,64.963051,-19.020835
2018,Arrival,Norway,310628,Flights,NO, NOR,60.472024,8.468946
2018,Arrival,United Kingdom,1097978,Flights,GB, GBR,55.378051,-3.435973
2018,Arrival,Switzerland,228885,Flights,CH, CHE,46.818188,8.227512
2019,Arrival,Germany,989434,Flights,DE, DEU,51.165691,10.451526
2019,Arrival,Austria,155062,Flights,AT, AUT,47.516231,14.550072
2019,Arrival,Belgium,141698,Flights,BE, BEL,50.503887,4.469936
2019,Arrival,Bulgaria,42158,Flights,BG, BGR,42.733883,25.485830
2019,Arrival,Cyprus,36624,Flights,CY, CYP,35.126413,33.429859
2019,Arrival,Croatia,50374,Flights,HR, HRV,45.100000,15.200000
2019,Arrival,Denmark,166231,Flights,DK, DNK,56.263920,9.501785
2019,Arrival,Slovakia,22318,Flights,SK, SVK,48.669026,19.699024
2019,Arrival,Slovenia,10451,Flights,SI, SVN,46.151241,14.995463
2019,Arrival,Spain,965431,Flights,ES, ESP,40.463667,-3.749220
2019,Arrival,Estonia,19369,Flights,EE, EST,58.595272,25.013607
2019,Arrival,Finland,121462,Flights,FI, FIN,61.924110,25.748151
2019,Arrival,France,774574,Flights,FR, FRA,46.227638,2.213749
2019,Arrival,Greece,260758,Flights,GR, GRC,39.074208,21.824312
2019,Arrival,Hungary,56540,Flights,HU, HUN,47.162494,19.503304
2019,Arrival,Ireland,133888,Flights,IE, IRL,53.412910,-8.243890
2019,Arrival,Italy,707228,Flights,IT, ITA,41.871940,12.567380
2019,Arrival,Latvia,40541,Flights,LV, LVA,56.879635,24.603189
2019,Arrival,Lithuania,26947,Flights,LT, LTU,55.169438,23.881275
2019,Arrival,Luxembourg,27396,Flights,LU, LUX,49.815273,6.129583
2019,Arrival,Malta,25865,Flights,MT, MLT,35.937496,14.375416
2019,Arrival,Netherlands,274369,Flights,NL, NLD,52.132633,5.291266
2019,Arrival,Poland,199385,Flights,PL, POL,51.919438,19.145136
2019,Arrival,Portugal,227156,Flights,PT, PRT,39.399872,-8.224454
2019,Arrival,Czech Republic,73418,Flights,CZ, CZE,49.817492,15.472962
2019,Arrival,Romania,90758,Flights,RO, ROU,45.943161,24.966760
2019,Arrival,Sweden,216216,Flights,SE, SWE,60.128161,18.643501
2019,Arrival,Iceland,32308,Flights,IS, ISL,64.963051,-19.020835
2019,Arrival,Norway,305718,Flights,NO, NOR,60.472024,8.468946
2019,Arrival,United Kingdom,1077354,Flights,GB, GBR,55.378051,-3.435973
2019,Arrival,Switzerland,227831,Flights,CH, CHE,46.818188,8.227512
2020,Arrival,Germany,341998,Flights,DE, DEU,51.165691,10.451526
2020,Arrival,Austria,52822,Flights,AT, AUT,47.516231,14.550072
2020,Arrival,Belgium,51696,Flights,BE, BEL,50.503887,4.469936
2020,Arrival,Bulgaria,17488,Flights,BG, BGR,42.733883,25.485830
2020,Arrival,Cyprus,12010,Flights,CY, CYP,35.126413,33.429859
2020,Arrival,Croatia,16623,Flights,HR, HRV,45.100000,15.200000
2020,Arrival,Denmark,62273,Flights,DK, DNK,56.263920,9.501785
2020,Arrival,Slovakia,11102,Flights,SK, SVK,48.669026,19.699024
2020,Arrival,Slovenia,1982,Flights,SI, SVN,46.151241,14.995463
2020,Arrival,Spain,370984,Flights,ES, ESP,40.463667,-3.749220
2020,Arrival,Estonia,7203,Flights,EE, EST,58.595272,25.013607
2020,Arrival,Finland,42319,Flights,FI, FIN,61.924110,25.748151
2020,Arrival,France,307861,Flights,FR, FRA,46.227638,2.213749
2020,Arrival,Greece,124456,Flights,GR, GRC,39.074208,21.824312
2020,Arrival,Hungary,18308,Flights,HU, HUN,47.162494,19.503304
2020,Arrival,Ireland,44348,Flights,IE, IRL,53.412910,-8.243890
2020,Arrival,Italy,273924,Flights,IT, ITA,41.871940,12.567380
2020,Arrival,Latvia,13126,Flights,LV, LVA,56.879635,24.603189
2020,Arrival,Lithuania,10522,Flights,LT, LTU,55.169438,23.881275
2020,Arrival,Luxembourg,10958,Flights,LU, LUX,49.815273,6.129583
2020,Arrival,Malta,9403,Flights,MT, MLT,35.937496,14.375416
2020,Arrival,Netherlands,114122,Flights,NL, NLD,52.132633,5.291266
2020,Arrival,Poland,79510,Flights,PL, POL,51.919438,19.145136
2020,Arrival,Portugal,96292,Flights,PT, PRT,39.399872,-8.224454
2020,Arrival,Czech Republic,20662,Flights,CZ, CZE,49.817492,15.472962
2020,Arrival,Romania,35407,Flights,RO, ROU,45.943161,24.966760
2020,Arrival,Sweden,73914,Flights,SE, SWE,60.128161,18.643501
2020,Arrival,Iceland,10582,Flights,IS, ISL,64.963051,-19.020835
2020,Arrival,Norway,173629,Flights,NO, NOR,60.472024,8.468946
2020,Arrival,Switzerland,77472,Flights,CH, CHE,46.818188,8.227512
2010,Arrival,Germany,95115446,Passengers,DE, DEU,51.165691,10.451526
2010,Arrival,Austria,12144696,Passengers,AT, AUT,47.516231,14.550072
2010,Arrival,Belgium,11334746,Passengers,BE, BEL,50.503887,4.469936
2010,Arrival,Bulgaria,3153742,Passengers,BG, BGR,42.733883,25.485830
2010,Arrival,Cyprus,3477162,Passengers,CY, CYP,35.126413,33.429859
2010,Arrival,Croatia,2553521,Passengers,HR, HRV,45.100000,15.200000
2010,Arrival,Denmark,13247694,Passengers,DK, DNK,56.263920,9.501785
2010,Arrival,Slovakia,952883,Passengers,SK, SVK,48.669026,19.699024
2010,Arrival,Slovenia,693156,Passengers,SI, SVN,46.151241,14.995463
2010,Arrival,Spain,95623475,Passengers,ES, ESP,40.463667,-3.749220
2010,Arrival,Estonia,680624,Passengers,EE, EST,58.595272,25.013607
2010,Arrival,Finland,8177561,Passengers,FI, FIN,61.924110,25.748151
2010,Arrival,France,71915501,Passengers,FR, FRA,46.227638,2.213749
2010,Arrival,Greece,19083347,Passengers,GR, GRC,39.074208,21.824312
2010,Arrival,Hungary,4060048,Passengers,HU, HUN,47.162494,19.503304
2010,Arrival,Ireland,11690211,Passengers,IE, IRL,53.412910,-8.243890
2010,Arrival,Italy,69243219,Passengers,IT, ITA,41.871940,12.567380
2010,Arrival,Latvia,2309914,Passengers,LV, LVA,56.879635,24.603189
2010,Arrival,Lithuania,1132058,Passengers,LT, LTU,55.169438,23.881275
2010,Arrival,Luxembourg,799892,Passengers,LU, LUX,49.815273,6.129583
2010,Arrival,Malta,1646747,Passengers,MT, MLT,35.937496,14.375416
2010,Arrival,Netherlands,24380240,Passengers,NL, NLD,52.132633,5.291266
2010,Arrival,Poland,9541179,Passengers,PL, POL,51.919438,19.145136
2010,Arrival,Portugal,14433754,Passengers,PT, PRT,39.399872,-8.224454
2010,Arrival,Czech Republic,6138596,Passengers,CZ, CZE,49.817492,15.472962
2010,Arrival,Romania,4582791,Passengers,RO, ROU,45.943161,24.966760
2010,Arrival,Sweden,16110918,Passengers,SE, SWE,60.128161,18.643501
2010,Arrival,Iceland,1013555,Passengers,IS, ISL,64.963051,-19.020835
2010,Arrival,Norway,20482180,Passengers,NO, NOR,60.472024,8.468946
2010,Arrival,United Kingdom,105343737,Passengers,GB, GBR,55.378051,-3.435973
2010,Arrival,Switzerland,19145176,Passengers,CH, CHE,46.818188,8.227512
2011,Arrival,Germany,100045974,Passengers,DE, DEU,51.165691,10.451526
2011,Arrival,Austria,12865854,Passengers,AT, AUT,47.516231,14.550072
2011,Arrival,Belgium,12572698,Passengers,BE, BEL,50.503887,4.469936
2011,Arrival,Bulgaria,3409057,Passengers,BG, BGR,42.733883,25.485830
2011,Arrival,Cyprus,3596539,Passengers,CY, CYP,35.126413,33.429859
2011,Arrival,Croatia,2734177,Passengers,HR, HRV,45.100000,15.200000
2011,Arrival,Denmark,13960796,Passengers,DK, DNK,56.263920,9.501785
2011,Arrival,Slovakia,914363,Passengers,SK, SVK,48.669026,19.699024
2011,Arrival,Slovenia,680095,Passengers,SI, SVN,46.151241,14.995463
2011,Arrival,Spain,101309222,Passengers,ES, ESP,40.463667,-3.749220
2011,Arrival,Estonia,939402,Passengers,EE, EST,58.595272,25.013607
2011,Arrival,Finland,9524613,Passengers,FI, FIN,61.924110,25.748151
2011,Arrival,France,76281189,Passengers,FR, FRA,46.227638,2.213749
2011,Arrival,Greece,19322847,Passengers,GR, GRC,39.074208,21.824312
2011,Arrival,Hungary,4416127,Passengers,HU, HUN,47.162494,19.503304
2011,Arrival,Ireland,11693607,Passengers,IE, IRL,53.412910,-8.243890
2011,Arrival,Italy,73876884,Passengers,IT, ITA,41.871940,12.567380
2011,Arrival,Latvia,2539522,Passengers,LV, LVA,56.879635,24.603189
2011,Arrival,Lithuania,1341135,Passengers,LT, LTU,55.169438,23.881275
2011,Arrival,Luxembourg,918828,Passengers,LU, LUX,49.815273,6.129583
2011,Arrival,Malta,1745023,Passengers,MT, MLT,35.937496,14.375416
2011,Arrival,Netherlands,27007070,Passengers,NL, NLD,52.132633,5.291266
2011,Arrival,Poland,10825434,Passengers,PL, POL,51.919438,19.145136
2011,Arrival,Portugal,15129643,Passengers,PT, PRT,39.399872,-8.224454
2011,Arrival,Czech Republic,6335329,Passengers,CZ, CZE,49.817492,15.472962
2011,Arrival,Romania,4984657,Passengers,RO, ROU,45.943161,24.966760
2011,Arrival,Sweden,18061709,Passengers,SE, SWE,60.128161,18.643501
2011,Arrival,Iceland,1224831,Passengers,IS, ISL,64.963051,-19.020835
2011,Arrival,Norway,22464590,Passengers,NO, NOR,60.472024,8.468946
2011,Arrival,United Kingdom,109720022,Passengers,GB, GBR,55.378051,-3.435973
2011,Arrival,Switzerland,21050401,Passengers,CH, CHE,46.818188,8.227512
2012,Arrival,Germany,101246680,Passengers,DE, DEU,51.165691,10.451526
2012,Arrival,Austria,13269675,Passengers,AT, AUT,47.516231,14.550072
2012,Arrival,Belgium,12970361,Passengers,BE, BEL,50.503887,4.469936
2012,Arrival,Bulgaria,3493141,Passengers,BG, BGR,42.733883,25.485830
2012,Arrival,Cyprus,3659483,Passengers,CY, CYP,35.126413,33.429859
2012,Arrival,Croatia,2923936,Passengers,HR, HRV,45.100000,15.200000
2012,Arrival,Denmark,14076096,Passengers,DK, DNK,56.263920,9.501785
2012,Arrival,Slovakia,790394,Passengers,SK, SVK,48.669026,19.699024
2012,Arrival,Slovenia,585241,Passengers,SI, SVN,46.151241,14.995463
2012,Arrival,Spain,96230161,Passengers,ES, ESP,40.463667,-3.749220
2012,Arrival,Estonia,1083541,Passengers,EE, EST,58.595272,25.013607
2012,Arrival,Finland,9573042,Passengers,FI, FIN,61.924110,25.748151
2012,Arrival,France,78391524,Passengers,FR, FRA,46.227638,2.213749
2012,Arrival,Greece,18260312,Passengers,GR, GRC,39.074208,21.824312
2012,Arrival,Hungary,4183132,Passengers,HU, HUN,47.162494,19.503304
2012,Arrival,Ireland,11800552,Passengers,IE, IRL,53.412910,-8.243890
2012,Arrival,Italy,72880064,Passengers,IT, ITA,41.871940,12.567380
2012,Arrival,Latvia,2376074,Passengers,LV, LVA,56.879635,24.603189
2012,Arrival,Lithuania,1576277,Passengers,LT, LTU,55.169438,23.881275
2012,Arrival,Luxembourg,943871,Passengers,LU, LUX,49.815273,6.129583
2012,Arrival,Malta,1824413,Passengers,MT, MLT,35.937496,14.375416
2012,Arrival,Netherlands,27845242,Passengers,NL, NLD,52.132633,5.291266
2012,Arrival,Poland,11721799,Passengers,PL, POL,51.919438,19.145136
2012,Arrival,Portugal,15565227,Passengers,PT, PRT,39.399872,-8.224454
2012,Arrival,Czech Republic,5870251,Passengers,CZ, CZE,49.817492,15.472962
2012,Arrival,Romania,4979747,Passengers,RO, ROU,45.943161,24.966760
2012,Arrival,Sweden,18443332,Passengers,SE, SWE,60.128161,18.643501
2012,Arrival,Iceland,1365705,Passengers,IS, ISL,64.963051,-19.020835
2012,Arrival,Norway,23871454,Passengers,NO, NOR,60.472024,8.468946
2012,Arrival,United Kingdom,110484436,Passengers,GB, GBR,55.378051,-3.435973
2012,Arrival,Switzerland,21941824,Passengers,CH, CHE,46.818188,8.227512
2013,Arrival,Germany,101889488,Passengers,DE, DEU,51.165691,10.451526
2013,Arrival,Austria,13141238,Passengers,AT, AUT,47.516231,14.550072
2013,Arrival,Belgium,13193222,Passengers,BE, BEL,50.503887,4.469936
2013,Arrival,Bulgaria,3612614,Passengers,BG, BGR,42.733883,25.485830
2013,Arrival,Cyprus,3491892,Passengers,CY, CYP,35.126413,33.429859
2013,Arrival,Croatia,3053684,Passengers,HR, HRV,45.100000,15.200000
2013,Arrival,Denmark,14541267,Passengers,DK, DNK,56.263920,9.501785
2013,Arrival,Slovakia,782621,Passengers,SK, SVK,48.669026,19.699024
2013,Arrival,Slovenia,634406,Passengers,SI, SVN,46.151241,14.995463
2013,Arrival,Spain,92980761,Passengers,ES, ESP,40.463667,-3.749220
2013,Arrival,Estonia,965206,Passengers,EE, EST,58.595272,25.013607
2013,Arrival,Finland,9484195,Passengers,FI, FIN,61.924110,25.748151
2013,Arrival,France,80229278,Passengers,FR, FRA,46.227638,2.213749
2013,Arrival,Greece,19173277,Passengers,GR, GRC,39.074208,21.824312
2013,Arrival,Hungary,4186542,Passengers,HU, HUN,47.162494,19.503304
2013,Arrival,Ireland,12305272,Passengers,IE, IRL,53.412910,-8.243890
2013,Arrival,Italy,71614029,Passengers,IT, ITA,41.871940,12.567380
2013,Arrival,Latvia,2388767,Passengers,LV, LVA,56.879635,24.603189
2013,Arrival,Lithuania,1735675,Passengers,LT, LTU,55.169438,23.881275
2013,Arrival,Luxembourg,1078799,Passengers,LU, LUX,49.815273,6.129583
2013,Arrival,Malta,2016588,Passengers,MT, MLT,35.937496,14.375416
2013,Arrival,Netherlands,29022633,Passengers,NL, NLD,52.132633,5.291266
2013,Arrival,Poland,12162140,Passengers,PL, POL,51.919438,19.145136
2013,Arrival,Portugal,16412688,Passengers,PT, PRT,39.399872,-8.224454
2013,Arrival,Czech Republic,5943004,Passengers,CZ, CZE,49.817492,15.472962
2013,Arrival,Romania,5209729,Passengers,RO, ROU,45.943161,24.966760
2013,Arrival,Sweden,19024887,Passengers,SE, SWE,60.128161,18.643501
2013,Arrival,Iceland,1600349,Passengers,IS, ISL,64.963051,-19.020835
2013,Arrival,Norway,25047199,Passengers,NO, NOR,60.472024,8.468946
2013,Arrival,United Kingdom,114475722,Passengers,GB, GBR,55.378051,-3.435973
2013,Arrival,Switzerland,22396992,Passengers,CH, CHE,46.818188,8.227512
2014,Arrival,Germany,104807551,Passengers,DE, DEU,51.165691,10.451526
2014,Arrival,Austria,13426475,Passengers,AT, AUT,47.516231,14.550072
2014,Arrival,Belgium,14381155,Passengers,BE, BEL,50.503887,4.469936
2014,Arrival,Bulgaria,3819505,Passengers,BG, BGR,42.733883,25.485830
2014,Arrival,Cyprus,3662662,Passengers,CY, CYP,35.126413,33.429859
2014,Arrival,Croatia,3260630,Passengers,HR, HRV,45.100000,15.200000
2014,Arrival,Denmark,15354465,Passengers,DK, DNK,56.263920,9.501785
2014,Arrival,Slovakia,840928,Passengers,SK, SVK,48.669026,19.699024
2014,Arrival,Slovenia,652606,Passengers,SI, SVN,46.151241,14.995463
2014,Arrival,Spain,97072141,Passengers,ES, ESP,40.463667,-3.749220
2014,Arrival,Estonia,999439,Passengers,EE, EST,58.595272,25.013607
2014,Arrival,Finland,9832244,Passengers,FI, FIN,61.924110,25.748151
2014,Arrival,France,81812884,Passengers,FR, FRA,46.227638,2.213749
2014,Arrival,Greece,22242431,Passengers,GR, GRC,39.074208,21.824312
2014,Arrival,Hungary,4495411,Passengers,HU, HUN,47.162494,19.503304
2014,Arrival,Ireland,13160403,Passengers,IE, IRL,53.412910,-8.243890
2014,Arrival,Italy,74786573,Passengers,IT, ITA,41.871940,12.567380
2014,Arrival,Latvia,2404038,Passengers,LV, LVA,56.879635,24.603189
2014,Arrival,Lithuania,1897563,Passengers,LT, LTU,55.169438,23.881275
2014,Arrival,Luxembourg,1209958,Passengers,LU, LUX,49.815273,6.129583
2014,Arrival,Malta,2144199,Passengers,MT, MLT,35.937496,14.375416
2014,Arrival,Netherlands,30459536,Passengers,NL, NLD,52.132633,5.291266
2014,Arrival,Poland,13534616,Passengers,PL, POL,51.919438,19.145136
2014,Arrival,Portugal,17839683,Passengers,PT, PRT,39.399872,-8.224454
2014,Arrival,Czech Republic,6029121,Passengers,CZ, CZE,49.817492,15.472962
2014,Arrival,Romania,5627307,Passengers,RO, ROU,45.943161,24.966760
2014,Arrival,Sweden,19841555,Passengers,SE, SWE,60.128161,18.643501
2014,Arrival,Iceland,1927040,Passengers,IS, ISL,64.963051,-19.020835
2014,Arrival,Norway,25619971,Passengers,NO, NOR,60.472024,8.468946
2014,Arrival,United Kingdom,119506918,Passengers,GB, GBR,55.378051,-3.435973
2014,Arrival,Switzerland,23352847,Passengers,CH, CHE,46.818188,8.227512
2015,Arrival,Germany,108738786,Passengers,DE, DEU,51.165691,10.451526
2015,Arrival,Austria,13582261,Passengers,AT, AUT,47.516231,14.550072
2015,Arrival,Belgium,15479269,Passengers,BE, BEL,50.503887,4.469936
2015,Arrival,Bulgaria,3860994,Passengers,BG, BGR,42.733883,25.485830
2015,Arrival,Cyprus,3796773,Passengers,CY, CYP,35.126413,33.429859
2015,Arrival,Croatia,3479646,Passengers,HR, HRV,45.100000,15.200000
2015,Arrival,Denmark,15859314,Passengers,DK, DNK,56.263920,9.501785
2015,Arrival,Slovakia,983051,Passengers,SK, SVK,48.669026,19.699024
2015,Arrival,Slovenia,716311,Passengers,SI, SVN,46.151241,14.995463
2015,Arrival,Spain,102626997,Passengers,ES, ESP,40.463667,-3.749220
2015,Arrival,Estonia,1063834,Passengers,EE, EST,58.595272,25.013607
2015,Arrival,Finland,10029554,Passengers,FI, FIN,61.924110,25.748151
2015,Arrival,France,84167426,Passengers,FR, FRA,46.227638,2.213749
2015,Arrival,Greece,24343621,Passengers,GR, GRC,39.074208,21.824312
2015,Arrival,Hungary,5068931,Passengers,HU, HUN,47.162494,19.503304
2015,Arrival,Ireland,14775531,Passengers,IE, IRL,53.412910,-8.243890
2015,Arrival,Italy,78260726,Passengers,IT, ITA,41.871940,12.567380
2015,Arrival,Latvia,2575978,Passengers,LV, LVA,56.879635,24.603189
2015,Arrival,Lithuania,2110619,Passengers,LT, LTU,55.169438,23.881275
2015,Arrival,Luxembourg,1318607,Passengers,LU, LUX,49.815273,6.129583
2015,Arrival,Malta,2310745,Passengers,MT, MLT,35.937496,14.375416
2015,Arrival,Netherlands,32208717,Passengers,NL, NLD,52.132633,5.291266
2015,Arrival,Poland,15232523,Passengers,PL, POL,51.919438,19.145136
2015,Arrival,Portugal,19925316,Passengers,PT, PRT,39.399872,-8.224454
2015,Arrival,Czech Republic,6333014,Passengers,CZ, CZE,49.817492,15.472962
2015,Arrival,Romania,6471169,Passengers,RO, ROU,45.943161,24.966760
2015,Arrival,Sweden,20494123,Passengers,SE, SWE,60.128161,18.643501
2015,Arrival,Iceland,2422725,Passengers,IS, ISL,64.963051,-19.020835
2015,Arrival,Norway,25956301,Passengers,NO, NOR,60.472024,8.468946
2015,Arrival,United Kingdom,126078035,Passengers,GB, GBR,55.378051,-3.435973
2015,Arrival,Switzerland,24349454,Passengers,CH, CHE,46.818188,8.227512
2016,Arrival,Germany,112477388,Passengers,DE, DEU,51.165691,10.451526
2016,Arrival,Austria,13794577,Passengers,AT, AUT,47.516231,14.550072
2016,Arrival,Belgium,15078784,Passengers,BE, BEL,50.503887,4.469936
2016,Arrival,Bulgaria,4718383,Passengers,BG, BGR,42.733883,25.485830
2016,Arrival,Cyprus,4489416,Passengers,CY, CYP,35.126413,33.429859
2016,Arrival,Croatia,3939934,Passengers,HR, HRV,45.100000,15.200000
2016,Arrival,Denmark,17259455,Passengers,DK, DNK,56.263920,9.501785
2016,Arrival,Slovakia,1085765,Passengers,SK, SVK,48.669026,19.699024
2016,Arrival,Slovenia,700250,Passengers,SI, SVN,46.151241,14.995463
2016,Arrival,Spain,113562889,Passengers,ES, ESP,40.463667,-3.749220
2016,Arrival,Estonia,1090194,Passengers,EE, EST,58.595272,25.013607
2016,Arrival,Finland,10371024,Passengers,FI, FIN,61.924110,25.748151
2016,Arrival,France,86894984,Passengers,FR, FRA,46.227638,2.213749
2016,Arrival,Greece,26446801,Passengers,GR, GRC,39.074208,21.824312
2016,Arrival,Hungary,5779297,Passengers,HU, HUN,47.162494,19.503304
2016,Arrival,Ireland,16281938,Passengers,IE, IRL,53.412910,-8.243890
2016,Arrival,Italy,81972880,Passengers,IT, ITA,41.871940,12.567380
2016,Arrival,Latvia,2698845,Passengers,LV, LVA,56.879635,24.603189
2016,Arrival,Lithuania,2397923,Passengers,LT, LTU,55.169438,23.881275
2016,Arrival,Luxembourg,1484530,Passengers,LU, LUX,49.815273,6.129583
2016,Arrival,Malta,2542098,Passengers,MT, MLT,35.937496,14.375416
2016,Arrival,Netherlands,35095099,Passengers,NL, NLD,52.132633,5.291266
2016,Arrival,Poland,16997104,Passengers,PL, POL,51.919438,19.145136
2016,Arrival,Portugal,22820016,Passengers,PT, PRT,39.399872,-8.224454
2016,Arrival,Czech Republic,6836174,Passengers,CZ, CZE,49.817492,15.472962
2016,Arrival,Romania,7934939,Passengers,RO, ROU,45.943161,24.966760
2016,Arrival,Sweden,21605060,Passengers,SE, SWE,60.128161,18.643501
2016,Arrival,Iceland,3403266,Passengers,IS, ISL,64.963051,-19.020835
2016,Arrival,Norway,26157285,Passengers,NO, NOR,60.472024,8.468946
2016,Arrival,United Kingdom,134501400,Passengers,GB, GBR,55.378051,-3.435973
2016,Arrival,Switzerland,25621158,Passengers,CH, CHE,46.818188,8.227512
2017,Arrival,Germany,118408828,Passengers,DE, DEU,51.165691,10.451526
2017,Arrival,Austria,14406150,Passengers,AT, AUT,47.516231,14.550072
2017,Arrival,Belgium,16651891,Passengers,BE, BEL,50.503887,4.469936
2017,Arrival,Bulgaria,5649690,Passengers,BG, BGR,42.733883,25.485830
2017,Arrival,Cyprus,5126918,Passengers,CY, CYP,35.126413,33.429859
2017,Arrival,Croatia,4641426,Passengers,HR, HRV,45.100000,15.200000
2017,Arrival,Denmark,17464360,Passengers,DK, DNK,56.263920,9.501785
2017,Arrival,Slovakia,1208127,Passengers,SK, SVK,48.669026,19.699024
2017,Arrival,Slovenia,840076,Passengers,SI, SVN,46.151241,14.995463
2017,Arrival,Spain,122854020,Passengers,ES, ESP,40.463667,-3.749220
2017,Arrival,Estonia,1295918,Passengers,EE, EST,58.595272,25.013607
2017,Arrival,Finland,11377339,Passengers,FI, FIN,61.924110,25.748151
2017,Arrival,France,91716853,Passengers,FR, FRA,46.227638,2.213749
2017,Arrival,Greece,29004240,Passengers,GR, GRC,39.074208,21.824312
2017,Arrival,Hungary,6630292,Passengers,HU, HUN,47.162494,19.503304
2017,Arrival,Ireland,17130268,Passengers,IE, IRL,53.412910,-8.243890
2017,Arrival,Italy,87317012,Passengers,IT, ITA,41.871940,12.567380
2017,Arrival,Latvia,3041596,Passengers,LV, LVA,56.879635,24.603189
2017,Arrival,Lithuania,2621706,Passengers,LT, LTU,55.169438,23.881275
2017,Arrival,Luxembourg,1766909,Passengers,LU, LUX,49.815273,6.129583
2017,Arrival,Malta,3008609,Passengers,MT, MLT,35.937496,14.375416
2017,Arrival,Netherlands,38084773,Passengers,NL, NLD,52.132633,5.291266
2017,Arrival,Poland,19905444,Passengers,PL, POL,51.919438,19.145136
2017,Arrival,Portugal,26594828,Passengers,PT, PRT,39.399872,-8.224454
2017,Arrival,Czech Republic,8127063,Passengers,CZ, CZE,49.817492,15.472962
2017,Arrival,Romania,9512444,Passengers,RO, ROU,45.943161,24.966760
2017,Arrival,Sweden,22933858,Passengers,SE, SWE,60.128161,18.643501
2017,Arrival,Iceland,4156909,Passengers,IS, ISL,64.963051,-19.020835
2017,Arrival,Norway,26887245,Passengers,NO, NOR,60.472024,8.468946
2017,Arrival,United Kingdom,142592301,Passengers,GB, GBR,55.378051,-3.435973
2017,Arrival,Switzerland,27140116,Passengers,CH, CHE,46.818188,8.227512
2018,Arrival,Germany,123301431,Passengers,DE, DEU,51.165691,10.451526
2018,Arrival,Austria,15793992,Passengers,AT, AUT,47.516231,14.550072
2018,Arrival,Belgium,17272495,Passengers,BE, BEL,50.503887,4.469936
2018,Arrival,Bulgaria,6195933,Passengers,BG, BGR,42.733883,25.485830
2018,Arrival,Cyprus,5471534,Passengers,CY, CYP,35.126413,33.429859
2018,Arrival,Croatia,5088270,Passengers,HR, HRV,45.100000,15.200000
2018,Arrival,Denmark,18177374,Passengers,DK, DNK,56.263920,9.501785
2018,Arrival,Slovakia,1404382,Passengers,SK, SVK,48.669026,19.699024
2018,Arrival,Slovenia,904526,Passengers,SI, SVN,46.151241,14.995463
2018,Arrival,Spain,130211509,Passengers,ES, ESP,40.463667,-3.749220
2018,Arrival,Estonia,1478048,Passengers,EE, EST,58.595272,25.013607
2018,Arrival,Finland,12551869,Passengers,FI, FIN,61.924110,25.748151
2018,Arrival,France,96090838,Passengers,FR, FRA,46.227638,2.213749
2018,Arrival,Greece,31211256,Passengers,GR, GRC,39.074208,21.824312
2018,Arrival,Hungary,7539291,Passengers,HU, HUN,47.162494,19.503304
2018,Arrival,Ireland,18163629,Passengers,IE, IRL,53.412910,-8.243890
2018,Arrival,Italy,92341786,Passengers,IT, ITA,41.871940,12.567380
2018,Arrival,Latvia,3512030,Passengers,LV, LVA,56.879635,24.603189
2018,Arrival,Lithuania,3133038,Passengers,LT, LTU,55.169438,23.881275
2018,Arrival,Luxembourg,1984133,Passengers,LU, LUX,49.815273,6.129583
2018,Arrival,Malta,3403875,Passengers,MT, MLT,35.937496,14.375416
2018,Arrival,Netherlands,39680356,Passengers,NL, NLD,52.132633,5.291266
2018,Arrival,Poland,22790726,Passengers,PL, POL,51.919438,19.145136
2018,Arrival,Portugal,28359928,Passengers,PT, PRT,39.399872,-8.224454
2018,Arrival,Czech Republic,8928633,Passengers,CZ, CZE,49.817492,15.472962
2018,Arrival,Romania,10451837,Passengers,RO, ROU,45.943161,24.966760
2018,Arrival,Sweden,23105427,Passengers,SE, SWE,60.128161,18.643501
2018,Arrival,Iceland,5176292,Passengers,IS, ISL,64.963051,-19.020835
2018,Arrival,Norway,27725691,Passengers,NO, NOR,60.472024,8.468946
2018,Arrival,United Kingdom,146495220,Passengers,GB, GBR,55.378051,-3.435973
2018,Arrival,Switzerland,28396289,Passengers,CH, CHE,46.818188,8.227512
2019,Arrival,Germany,125334219,Passengers,DE, DEU,51.165691,10.451526
2019,Arrival,Austria,18051508,Passengers,AT, AUT,47.516231,14.550072
2019,Arrival,Belgium,17702231,Passengers,BE, BEL,50.503887,4.469936
2019,Arrival,Bulgaria,5983852,Passengers,BG, BGR,42.733883,25.485830
2019,Arrival,Cyprus,5637760,Passengers,CY, CYP,35.126413,33.429859
2019,Arrival,Croatia,5528049,Passengers,HR, HRV,45.100000,15.200000
2019,Arrival,Denmark,18164634,Passengers,DK, DNK,56.263920,9.501785
2019,Arrival,Slovakia,1420038,Passengers,SK, SVK,48.669026,19.699024
2019,Arrival,Slovenia,861031,Passengers,SI, SVN,46.151241,14.995463
2019,Arrival,Spain,135320856,Passengers,ES, ESP,40.463667,-3.749220
2019,Arrival,Estonia,1604613,Passengers,EE, EST,58.595272,25.013607
2019,Arrival,Finland,13068263,Passengers,FI, FIN,61.924110,25.748151
2019,Arrival,France,99887623,Passengers,FR, FRA,46.227638,2.213749
2019,Arrival,Greece,32119290,Passengers,GR, GRC,39.074208,21.824312
2019,Arrival,Hungary,8304763,Passengers,HU, HUN,47.162494,19.503304
2019,Arrival,Ireland,18972589,Passengers,IE, IRL,53.412910,-8.243890
2019,Arrival,Italy,96284089,Passengers,IT, ITA,41.871940,12.567380
2019,Arrival,Latvia,3893147,Passengers,LV, LVA,56.879635,24.603189
2019,Arrival,Lithuania,3266322,Passengers,LT, LTU,55.169438,23.881275
2019,Arrival,Luxembourg,2176065,Passengers,LU, LUX,49.815273,6.129583
2019,Arrival,Malta,3662498,Passengers,MT, MLT,35.937496,14.375416
2019,Arrival,Netherlands,40459989,Passengers,NL, NLD,52.132633,5.291266
2019,Arrival,Poland,24421363,Passengers,PL, POL,51.919438,19.145136
2019,Arrival,Portugal,30289944,Passengers,PT, PRT,39.399872,-8.224454
2019,Arrival,Czech Republic,9426303,Passengers,CZ, CZE,49.817492,15.472962
2019,Arrival,Romania,11340017,Passengers,RO, ROU,45.943161,24.966760
2019,Arrival,Sweden,22109672,Passengers,SE, SWE,60.128161,18.643501
2019,Arrival,Iceland,3874379,Passengers,IS, ISL,64.963051,-19.020835
2019,Arrival,Norway,27853111,Passengers,NO, NOR,60.472024,8.468946
2019,Arrival,United Kingdom,148754050,Passengers,GB, GBR,55.378051,-3.435973
2019,Arrival,Switzerland,28937612,Passengers,CH, CHE,46.818188,8.227512
2020,Arrival,Germany,32277544,Passengers,DE, DEU,51.165691,10.451526
2020,Arrival,Austria,4648812,Passengers,AT, AUT,47.516231,14.550072
2020,Arrival,Belgium,4787394,Passengers,BE, BEL,50.503887,4.469936
2020,Arrival,Bulgaria,1922726,Passengers,BG, BGR,42.733883,25.485830
2020,Arrival,Cyprus,1127641,Passengers,CY, CYP,35.126413,33.429859
2020,Arrival,Croatia,1040169,Passengers,HR, HRV,45.100000,15.200000
2020,Arrival,Denmark,4709866,Passengers,DK, DNK,56.263920,9.501785
2020,Arrival,Slovakia,248129,Passengers,SK, SVK,48.669026,19.699024
2020,Arrival,Slovenia,143464,Passengers,SI, SVN,46.151241,14.995463
2020,Arrival,Spain,36884216,Passengers,ES, ESP,40.463667,-3.749220
2020,Arrival,Estonia,429595,Passengers,EE, EST,58.595272,25.013607
2020,Arrival,Finland,3251471,Passengers,FI, FIN,61.924110,25.748151
2020,Arrival,France,32524389,Passengers,FR, FRA,46.227638,2.213749
2020,Arrival,Greece,9866277,Passengers,GR, GRC,39.074208,21.824312
2020,Arrival,Hungary,1939297,Passengers,HU, HUN,47.162494,19.503304
2020,Arrival,Ireland,4153140,Passengers,IE, IRL,53.412910,-8.243890
2020,Arrival,Italy,26477644,Passengers,IT, ITA,41.871940,12.567380
2020,Arrival,Latvia,999855,Passengers,LV, LVA,56.879635,24.603189
2020,Arrival,Lithuania,899391,Passengers,LT, LTU,55.169438,23.881275
2020,Arrival,Luxembourg,716634,Passengers,LU, LUX,49.815273,6.129583
2020,Arrival,Malta,868715,Passengers,MT, MLT,35.937496,14.375416
2020,Arrival,Netherlands,11859715,Passengers,NL, NLD,52.132633,5.291266
2020,Arrival,Poland,7232612,Passengers,PL, POL,51.919438,19.145136
2020,Arrival,Portugal,9157789,Passengers,PT, PRT,39.399872,-8.224454
2020,Arrival,Czech Republic,1882460,Passengers,CZ, CZE,49.817492,15.472962
2020,Arrival,Romania,3473465,Passengers,RO, ROU,45.943161,24.966760
2020,Arrival,Sweden,5746815,Passengers,SE, SWE,60.128161,18.643501
2020,Arrival,Iceland,799046,Passengers,IS, ISL,64.963051,-19.020835
2020,Arrival,Norway,10338847,Passengers,NO, NOR,60.472024,8.468946
2020,Arrival,Switzerland,8151681,Passengers,CH, CHE,46.818188,8.227512
